Epoch,Iteration,Loss Action CLS,Loss Pose Gate
0,0,2.3542,3.1192
0,1,2.3747,3.1192
0,2,2.4125,3.1192
0,3,2.3995,3.1192
0,4,2.2658,3.1192
0,5,2.593,3.1192
0,6,2.4906,3.1192
0,7,2.163,3.1192
0,8,2.21,3.1192
0,9,2.0544,3.1192
0,10,2.1553,3.1192
0,11,2.443,3.1192
0,12,2.2149,3.1192
0,13,2.5062,3.1192
0,14,2.7576,3.1192
0,15,2.2913,3.1192
0,16,2.5589,3.1192
0,17,2.8102,3.1192
0,18,2.4444,3.1192
0,19,2.1887,3.1192
0,20,1.8566,3.1192
0,21,2.0797,3.1192
0,22,2.1426,3.1192
0,23,2.6856,3.1192
0,24,1.9913,3.1192
0,25,2.0632,3.1192
0,26,2.1157,3.1192
0,27,2.8191,3.1192
0,28,3.0385,3.1192
0,29,2.0995,3.1192
0,30,2.5994,3.1192
0,31,2.3213,3.1192
0,32,2.7087,3.1192
0,33,2.3914,3.1193
0,34,2.0579,3.1193
0,35,2.5726,3.1193
0,36,2.4402,3.1193
0,37,2.6108,3.1194
0,38,1.9518,3.1194
0,39,2.2243,3.1194
0,40,2.7044,3.1194
0,41,1.7862,3.1195
0,42,2.783,3.1195
0,43,2.315,3.1195
0,44,1.9849,3.1196
0,45,1.811,3.1196
0,46,2.3707,3.1196
0,47,2.1678,3.1196
0,48,2.1437,3.1197
0,49,2.5399,3.1197
0,50,2.1745,3.1197
0,51,1.5906,3.1198
0,52,2.1335,3.1198
0,53,2.592,3.1198
0,54,1.7834,3.1198
0,55,1.7809,3.1198
0,56,2.2802,3.1198
0,57,1.9544,3.1198
0,58,1.9269,3.1198
0,59,2.3436,3.1199
0,60,2.7459,3.1198
0,61,2.2911,3.1199
0,62,1.694,3.1199
0,63,1.6445,3.1199
0,64,1.8918,3.1199
0,65,1.8209,3.1199
0,66,2.1847,3.1198
0,67,2.6862,3.1198
0,68,1.6752,3.1198
0,69,1.8844,3.1198
0,70,2.1851,3.1199
0,71,1.672,3.1199
0,72,2.2635,3.1199
0,73,1.8874,3.1199
0,74,2.59,3.1199
0,75,1.4731,3.12
0,76,1.6917,3.12
0,77,2.1282,3.12
0,0,2.4115,3.1192
0,1,2.355,3.1192
0,2,2.416,3.1192
0,3,2.29,3.1192
0,4,2.3312,3.1192
0,5,2.3313,3.1192
0,6,2.2094,3.1192
0,7,2.3095,3.1192
0,8,2.1868,3.1192
0,9,2.2835,3.1192
0,10,2.1508,3.1192
0,11,2.0927,3.1192
0,12,2.1351,3.1192
0,13,2.3077,3.1192
0,14,2.0642,3.1192
0,15,2.121,3.1192
0,16,1.9749,3.1192
0,17,1.9317,3.1192
0,18,2.0857,3.1192
0,19,1.8507,3.1192
0,20,2.0113,3.1192
0,21,1.9514,3.1192
0,22,1.9342,3.1192
0,23,1.7658,3.1192
0,24,1.9398,3.1192
0,25,1.8458,3.1192
0,26,1.8129,3.1192
0,27,1.7575,3.1193
0,28,1.7412,3.1193
0,29,1.7503,3.1193
0,0,2.3789,3.1192
0,1,2.3903,3.1192
0,2,2.3019,3.1192
0,3,2.4195,3.1192
0,4,2.4374,3.1192
0,5,2.5342,3.1192
0,6,2.584,3.1192
0,7,2.42,3.1192
0,8,2.2757,3.1192
0,9,2.3878,3.1192
0,10,2.2596,3.1192
0,11,2.4398,3.1192
0,12,2.2351,3.1192
0,13,2.3635,3.1192
0,14,2.3957,3.1192
0,15,2.3385,3.1192
0,16,2.3627,3.1192
0,17,2.4192,3.1192
0,18,2.1223,3.1192
0,19,2.4169,3.1192
0,20,2.3437,3.1192
0,21,1.9853,3.1192
0,22,2.3148,3.1192
0,23,2.2338,3.1192
0,24,2.4923,3.1192
0,25,2.0891,3.1192
0,26,2.4139,3.1192
0,27,2.1454,3.1192
0,28,2.4238,3.1192
0,29,2.25,3.1192
0,30,2.0728,3.1192
0,31,2.0326,3.1192
0,32,2.291,3.1192
0,33,2.0739,3.1192
0,34,2.2216,3.1192
0,35,2.1683,3.1192
0,36,2.191,3.1192
0,37,1.9911,3.1192
0,38,2.1489,3.1192
0,39,2.1259,3.1192
0,40,1.9775,3.1192
0,41,2.2078,3.1192
0,42,2.1341,3.1192
0,43,1.9011,3.1192
0,44,2.081,3.1192
0,45,1.8488,3.1192
0,46,2.1004,3.1192
0,47,2.1866,3.1192
0,48,1.9171,3.1193
0,49,2.0231,3.1193
0,50,2.1719,3.1193
0,51,1.9205,3.1193
0,52,1.8494,3.1193
0,53,1.8558,3.1193
0,54,2.0302,3.1193
0,55,1.7343,3.1193
0,56,2.0764,3.1194
0,57,1.9985,3.1194
0,58,2.0571,3.1194
0,59,1.6725,3.1194
0,60,1.6772,3.1194
0,61,1.7725,3.1195
0,62,1.7888,3.1195
0,63,2.0505,3.1195
0,64,1.8693,3.1196
0,65,1.8453,3.1196
0,66,1.9525,3.1196
0,67,1.8423,3.1196
0,68,1.8185,3.1197
0,69,1.7876,3.1197
0,70,1.6988,3.1198
0,71,1.8909,3.1198
0,72,1.7422,3.1198
0,73,1.7011,3.1199
0,74,1.9488,3.1199
0,75,1.7789,3.12
0,76,1.8518,3.12
0,77,1.7865,3.1201
0,78,1.7534,3.1201
0,79,1.8117,3.1202
0,80,1.6912,3.1202
0,81,1.6865,3.1202
0,82,1.7752,3.1203
0,83,1.7287,3.1203
0,84,1.6107,3.1204
0,85,1.6337,3.1204
0,86,1.6703,3.1205
0,87,1.5172,3.1206
0,88,1.5017,3.1206
0,89,1.5933,3.1207
0,90,1.5017,3.1208
0,91,1.5916,3.1208
0,92,1.6206,3.1209
0,93,1.413,3.121
0,94,1.4478,3.121
0,95,1.6514,3.1211
0,96,1.7107,3.1212
0,97,1.4083,3.1213
0,98,1.7373,3.1213
0,99,1.5751,3.1214
0,100,1.6712,3.1215
0,101,1.6601,3.1215
0,102,1.6411,3.1215
0,103,1.6931,3.1217
0,104,1.5573,3.1217
0,105,1.3458,3.1218
0,106,1.4189,3.1219
0,107,1.587,3.1219
0,108,1.5273,3.122
0,109,1.5539,3.122
0,110,1.7491,3.1221
0,111,1.5479,3.1222
0,112,1.3122,3.1223
0,113,1.4676,3.1224
0,114,1.6156,3.1224
0,115,1.5012,3.1225
0,116,1.7088,3.1226
0,117,1.2106,3.1226
0,118,1.418,3.1227
0,119,1.6625,3.1228
0,120,1.4417,3.1229
0,121,1.4534,3.1229
0,122,1.743,3.1229
0,123,1.3292,3.1231
0,124,1.2297,3.1231
0,125,1.2375,3.1231
0,126,1.4822,3.1232
0,127,1.5496,3.1232
0,128,1.3919,3.1233
0,129,1.4318,3.1235
0,130,1.4026,3.1235
0,131,1.4649,3.1235
0,132,1.1358,3.1235
0,133,1.8112,3.1237
0,134,1.026,3.1237
0,0,2.4113,3.1192
0,1,2.4357,3.1192
0,2,2.4092,3.1192
0,3,2.2963,3.1192
0,4,2.3979,3.1192
0,5,2.243,3.1192
0,6,2.3678,3.1192
0,7,2.39,3.1192
0,8,2.3425,3.1192
0,9,2.2519,3.1192
0,10,2.2901,3.1192
0,11,2.4357,3.1192
0,12,2.2328,3.1192
0,13,2.1532,3.1192
0,14,2.2696,3.1192
0,15,2.2773,3.1192
0,16,2.2837,3.1192
0,17,2.3646,3.1192
0,18,2.3215,3.1192
0,19,2.4017,3.1192
0,20,2.2336,3.1192
0,21,2.1766,3.1192
0,22,2.1996,3.1192
0,23,2.2282,3.1192
0,24,2.1995,3.1192
0,25,2.1475,3.1192
0,26,2.1841,3.1192
0,27,1.9632,3.1192
0,28,2.2874,3.1192
0,29,2.3279,3.1192
0,30,2.0565,3.1192
0,31,2.1123,3.1192
0,32,2.1391,3.1192
0,33,1.9823,3.1192
0,34,1.8276,3.1192
0,35,2.1105,3.1192
0,36,2.013,3.1192
0,37,2.0116,3.1192
0,38,2.1214,3.1192
0,39,2.102,3.1192
0,40,2.0601,3.1192
0,41,1.9618,3.1192
0,42,1.9767,3.1193
0,43,1.8847,3.1193
0,44,1.9096,3.1193
0,45,1.9437,3.1193
0,46,1.9231,3.1193
0,47,2.0777,3.1193
0,48,2.1095,3.1193
0,49,1.7581,3.1194
0,50,1.9291,3.1194
0,51,1.856,3.1194
0,52,1.818,3.1194
0,53,1.8974,3.1195
0,54,1.8618,3.1195
0,55,1.7953,3.1195
0,56,2.2948,3.1195
0,57,2.0321,3.1196
0,58,1.9445,3.1196
0,59,1.9189,3.1196
0,60,1.7523,3.1197
0,61,1.5628,3.1197
0,62,1.6182,3.1197
0,63,1.8125,3.1198
0,64,1.8435,3.1198
0,65,1.6194,3.1198
0,66,1.6286,3.1199
0,67,1.6056,3.1199
0,68,1.614,3.12
0,69,1.7961,3.12
0,70,1.8193,3.1201
0,71,1.6217,3.1201
0,72,2.0134,3.1202
0,73,1.7648,3.1203
0,74,1.7871,3.1203
0,75,1.5869,3.1203
0,76,1.8628,3.1204
0,77,1.6045,3.1205
0,78,1.8003,3.1205
0,79,1.5909,3.1206
0,80,1.5946,3.1206
0,81,1.5613,3.1207
0,82,1.7486,3.1207
0,83,1.7488,3.1208
0,84,1.3614,3.1208
0,85,1.785,3.1209
0,86,1.4321,3.121
0,87,1.4454,3.121
0,88,1.7675,3.1211
0,89,1.6674,3.1212
0,90,1.4775,3.1213
0,91,1.5686,3.1214
0,92,1.9479,3.1215
0,93,1.7147,3.1215
0,94,1.238,3.1217
0,95,1.471,3.1217
0,96,1.3692,3.1217
0,97,1.9935,3.1218
0,98,1.4125,3.1219
0,99,1.5457,3.122
0,100,1.7037,3.122
0,101,1.7365,3.1221
0,102,1.5211,3.1223
0,103,1.5973,3.1223
0,104,1.5113,3.1222
0,105,1.3657,3.1224
0,106,1.3081,3.1225
0,107,1.4017,3.1225
0,108,1.364,3.1226
0,109,1.4315,3.1228
0,110,1.6899,3.1228
0,111,1.4247,3.1229
0,112,1.5721,3.1229
0,113,1.5158,3.123
0,114,1.44,3.1231
0,115,1.5177,3.1231
0,116,1.5353,3.1232
0,117,1.5396,3.1234
0,118,1.8957,3.1233
0,119,1.4126,3.1235
0,120,1.3512,3.1235
0,121,1.5438,3.1236
0,122,1.3698,3.1237
0,123,1.4395,3.1237
0,124,1.2958,3.1237
0,125,1.1613,3.1238
0,126,1.4125,3.1237
0,127,1.206,3.1239
0,128,1.1718,3.1239
0,129,1.5849,3.124
0,130,1.4551,3.124
0,131,1.2476,3.1241
0,132,1.6684,3.1242
0,133,1.2393,3.1243
0,134,1.2387,3.1244
0,135,1.0147,3.1244
0,136,1.6486,3.1245
0,137,1.2352,3.1245
0,138,1.1848,3.1245
0,139,1.1398,3.1246
0,140,1.5871,3.1247
0,141,0.9156,3.1248
0,142,1.3121,3.1249
0,143,1.3285,3.1248
0,144,1.473,3.1248
0,145,1.2777,3.1248
0,146,1.1744,3.1251
0,147,1.2063,3.125
0,148,1.0704,3.1251
0,149,1.1765,3.1251
0,150,1.2126,3.1252
0,151,0.9643,3.1253
0,152,1.4202,3.1253
0,153,1.1215,3.1255
0,154,1.3297,3.1256
0,155,1.2616,3.1256
0,156,1.4702,3.1256
0,157,0.7923,3.1258
0,158,1.6995,3.1258
0,159,1.2927,3.1257
0,160,1.0907,3.1257
0,161,1.0633,3.1258
0,162,0.9902,3.1259
0,163,1.4599,3.1258
0,164,1.2193,3.1259
0,165,0.9934,3.126
0,166,0.98,3.1262
0,167,1.1858,3.126
0,168,1.2455,3.1261
0,169,1.5139,3.1262
0,170,1.2957,3.1262
0,171,1.5924,3.1263
0,172,1.5525,3.1263
0,173,1.089,3.1263
0,174,1.2072,3.1263
0,175,0.9755,3.1263
0,176,1.0335,3.1263
0,177,1.2696,3.1263
0,178,1.2551,3.1263
0,179,0.9813,3.1263
0,180,1.5549,3.1264
0,181,0.8602,3.1264
0,182,1.1355,3.1263
0,183,0.8817,3.1264
0,184,1.1666,3.1265
0,185,1.4634,3.1263
0,186,0.9916,3.1264
0,187,1.3034,3.1264
0,188,1.4467,3.1264
0,189,1.2212,3.1266
0,190,1.1164,3.1265
0,191,1.115,3.1265
0,192,1.0929,3.1266
0,193,1.4663,3.1264
0,194,1.4385,3.1265
0,195,0.9582,3.1264
0,196,1.4878,3.1264
0,197,0.8413,3.1266
0,198,1.066,3.1265
0,199,1.1419,3.1266
0,200,1.4124,3.1266
0,201,1.3131,3.1266
0,202,0.9026,3.1267
0,203,0.9971,3.1267
0,204,1.1789,3.1264
0,205,1.3323,3.1264
0,206,0.6615,3.1267
0,207,0.9637,3.1265
0,208,0.8994,3.1266
0,209,0.9923,3.1266
0,210,1.1755,3.1266
0,211,0.9572,3.1266
0,212,1.0734,3.1267
0,213,0.8608,3.1266
0,214,0.6812,3.1265
0,215,1.0383,3.1265
0,216,1.438,3.1266
0,217,1.2163,3.1266
0,218,0.8103,3.1266
0,219,0.9423,3.1266
0,220,1.1038,3.1266
0,221,1.0141,3.1265
0,222,1.1073,3.1265
0,223,0.9639,3.1266
0,224,1.0052,3.1264
0,225,1.0205,3.1264
0,226,1.3225,3.1263
0,227,0.8168,3.1264
0,228,1.0952,3.1264
0,229,1.1719,3.1265
0,230,0.6779,3.1265
0,231,1.035,3.1264
0,232,1.0733,3.1264
0,233,0.8758,3.1265
0,234,0.9493,3.1265
0,235,0.8422,3.1263
0,236,0.8712,3.1266
0,237,0.7551,3.1265
0,238,0.9546,3.1264
0,239,1.3489,3.1265
0,240,0.7193,3.1264
0,241,1.044,3.1265
0,242,0.9384,3.1266
0,243,0.5694,3.1265
0,244,1.1534,3.1264
0,245,0.7976,3.1265
0,246,1.2087,3.1264
0,247,0.8075,3.1266
0,248,0.9347,3.1263
0,249,0.6528,3.1264
0,250,0.9533,3.1265
0,251,0.9443,3.1264
0,252,0.9837,3.1265
0,253,0.9436,3.1264
0,254,0.6147,3.1264
0,255,1.421,3.1263
0,256,0.7346,3.1264
0,257,0.963,3.1263
0,258,1.07,3.1263
0,259,1.0209,3.1262
0,260,0.6679,3.1264
0,261,1.3148,3.1263
0,262,0.9675,3.1262
0,263,1.3006,3.1262
0,264,1.286,3.1262
0,265,1.1089,3.1261
0,266,0.9161,3.126
0,267,0.72,3.1261
0,268,0.684,3.126
0,269,0.9497,3.1261
0,270,0.8331,3.1259
0,271,0.9723,3.126
0,272,0.8174,3.126
0,273,0.7362,3.126
0,274,0.7696,3.1261
0,275,0.8361,3.126
0,276,0.6738,3.1261
0,277,0.5384,3.126
0,278,0.9549,3.126
0,279,0.5632,3.1262
0,280,0.8797,3.1261
0,281,0.6894,3.1261
0,282,0.9797,3.1261
0,283,0.649,3.1263
0,284,0.9021,3.1261
0,285,0.9507,3.1262
0,286,0.6552,3.1261
0,287,1.0008,3.1261
0,288,0.8618,3.1261
0,289,0.8762,3.1262
0,290,0.6375,3.1261
0,291,0.7045,3.126
0,292,0.7436,3.126
0,293,0.7949,3.1261
0,294,1.1551,3.126
0,295,0.8652,3.126
0,296,0.778,3.126
0,297,0.5295,3.126
0,298,1.0174,3.126
0,299,0.6959,3.1259
0,300,0.7477,3.126
0,301,0.479,3.1259
0,302,1.0976,3.1259
0,303,1.072,3.1259
0,304,1.0007,3.1257
0,305,0.7449,3.1257
0,306,0.8845,3.1257
0,307,0.6382,3.1258
0,308,1.1274,3.1257
0,309,1.0795,3.1256
0,310,0.6461,3.1257
0,311,0.999,3.1255
0,312,0.7908,3.1254
0,313,0.7482,3.1256
0,314,0.807,3.1254
0,315,0.888,3.1256
0,316,0.713,3.1255
0,317,0.8694,3.1255
0,318,0.7437,3.1254
0,319,0.6796,3.1254
0,320,0.8096,3.1253
0,321,0.5972,3.1254
0,322,0.6979,3.1254
0,323,0.7819,3.1254
0,324,0.6685,3.1253
0,325,0.8931,3.1253
0,326,0.6004,3.1254
0,327,0.7744,3.1253
0,328,0.7803,3.1252
0,329,0.6874,3.1253
0,330,0.5986,3.1252
0,331,0.532,3.1253
0,332,0.7809,3.1253
0,333,0.3793,3.1253
0,334,0.686,3.1251
0,335,0.8284,3.1252
0,336,0.7788,3.1251
0,337,0.5344,3.1253
0,338,1.0674,3.1251
0,339,0.5145,3.1252
0,340,0.7351,3.1252
0,341,0.6065,3.1251
0,342,0.5814,3.1253
0,343,0.9509,3.1253
0,344,0.8797,3.1252
0,345,0.7758,3.1251
0,346,0.7992,3.1252
0,347,0.5173,3.1252
0,348,0.4806,3.1252
0,349,0.7793,3.1251
0,350,0.512,3.125
0,351,1.0846,3.1252
0,352,1.1575,3.1251
0,353,0.6943,3.1251
0,354,0.6725,3.1251
0,355,0.7155,3.125
0,356,0.7086,3.125
0,357,0.4999,3.1251
0,358,0.5569,3.125
0,359,0.5343,3.1249
0,360,0.8139,3.1249
0,361,0.8687,3.125
0,362,0.7035,3.1249
0,363,0.4336,3.1251
0,364,1.1565,3.125
0,365,1.0569,3.1249
0,366,0.9298,3.1249
0,367,0.651,3.1248
0,368,0.5361,3.1248
0,369,0.715,3.1248
0,370,0.8632,3.1248
0,371,0.2434,3.1247
0,372,0.3789,3.1247
0,373,0.462,3.1248
0,374,0.8027,3.1247
0,375,0.6441,3.1246
0,376,0.6958,3.1246
0,377,0.6228,3.1245
0,378,0.65,3.1247
0,379,0.66,3.1245
0,380,1.0289,3.1244
0,381,0.4199,3.1244
0,382,0.5621,3.1243
0,383,0.5486,3.1244
0,384,0.6465,3.1244
0,385,0.6219,3.1244
0,386,0.844,3.1245
0,387,0.8,3.1243
0,388,1.0823,3.1243
0,389,1.1544,3.1243
0,390,0.7099,3.1243
0,391,0.5575,3.1243
0,392,0.6505,3.1241
0,393,0.8313,3.1242
0,394,0.5118,3.1242
0,395,0.6478,3.1241
0,396,0.4933,3.1241
0,397,0.9156,3.124
0,398,0.7461,3.1241
0,399,0.57,3.124
0,400,0.7607,3.124
0,401,0.5319,3.124
0,402,0.415,3.124
0,403,0.6963,3.124
0,404,0.5366,3.1239
0,405,0.6448,3.1239
0,406,1.0993,3.1239
0,407,0.6579,3.1238
0,408,0.622,3.1238
0,409,0.4527,3.1238
0,410,0.6397,3.1238
0,411,0.8944,3.1236
0,412,0.6335,3.1237
0,413,0.7405,3.1238
0,414,0.5878,3.1237
0,415,0.7061,3.1237
0,416,0.7079,3.1236
0,417,0.4798,3.1236
0,418,0.8362,3.1236
0,419,0.4014,3.1235
0,420,0.6903,3.1235
0,421,0.5773,3.1235
0,422,0.4629,3.1234
0,423,0.618,3.1234
0,424,0.3966,3.1234
0,425,0.6336,3.1234
0,426,0.9961,3.1234
0,427,0.7153,3.1233
0,428,0.5165,3.1233
0,429,0.5166,3.1234
0,430,0.6496,3.1234
0,431,0.4453,3.1234
0,432,0.428,3.1233
0,433,0.7873,3.1233
0,434,0.6502,3.1232
0,435,0.8738,3.1233
0,436,0.7115,3.1232
0,437,0.5155,3.1233
0,438,0.6128,3.1232
0,439,0.4472,3.1232
0,440,0.8026,3.1232
0,441,0.811,3.1232
0,442,0.5728,3.1232
0,443,0.4661,3.1232
0,444,0.6535,3.1231
0,445,0.91,3.1233
1,0,0.4275,3.1232
1,1,0.5971,3.1231
1,2,0.6182,3.1231
1,3,0.6958,3.1231
1,4,0.6082,3.123
1,5,0.5097,3.1231
1,6,0.5976,3.1231
1,7,0.6655,3.1232
1,8,0.4198,3.1231
1,9,0.7249,3.123
1,10,0.6068,3.123
1,11,0.644,3.1231
1,12,0.7751,3.123
1,13,0.479,3.123
1,14,0.3387,3.1229
1,15,0.7429,3.123
1,16,0.6928,3.1229
1,17,0.4255,3.123
1,18,0.4865,3.123
1,19,0.4254,3.1231
1,20,0.594,3.123
1,21,0.5603,3.123
1,22,0.7843,3.123
1,23,0.8743,3.123
1,24,0.499,3.1231
1,25,0.4563,3.123
1,26,0.647,3.123
1,27,0.4536,3.1231
1,28,0.5317,3.123
1,29,0.8185,3.123
1,30,0.8123,3.123
1,31,0.4659,3.123
1,32,0.5531,3.123
1,33,0.5169,3.1229
1,34,0.4704,3.123
1,35,1.0364,3.1229
1,36,0.7703,3.1229
1,37,0.7421,3.123
1,38,0.4841,3.1228
1,39,0.3846,3.1229
1,40,0.4829,3.1229
1,41,0.6633,3.1229
1,42,0.648,3.1228
1,43,0.4433,3.1229
1,44,0.503,3.1228
1,45,0.8298,3.1229
1,46,0.719,3.1228
1,47,0.3512,3.1228
1,48,0.2803,3.1228
1,49,0.5269,3.1228
1,50,0.7413,3.1228
1,51,0.4484,3.1227
1,52,0.8816,3.1228
1,53,0.412,3.1228
1,54,0.5064,3.1227
1,55,0.3004,3.1228
1,56,0.6656,3.1227
1,57,1.1574,3.1227
1,58,0.4693,3.1227
1,59,0.8696,3.1227
1,60,0.5547,3.1227
1,61,0.5527,3.1227
1,62,0.9668,3.1227
1,63,0.533,3.1227
1,64,0.6459,3.1228
1,65,0.6099,3.1227
1,66,0.8976,3.1227
1,67,0.5904,3.1227
1,68,0.7322,3.1227
1,69,1.0897,3.1227
1,70,0.6126,3.1227
1,71,0.3711,3.1226
1,72,0.6243,3.1227
1,73,0.4794,3.1227
1,74,0.6956,3.1227
1,75,0.3623,3.1226
1,76,0.6271,3.1226
1,77,0.3327,3.1226
1,78,0.7629,3.1225
1,79,0.5432,3.1225
1,80,0.4327,3.1225
1,81,0.5281,3.1225
1,82,0.9708,3.1225
1,83,0.4028,3.1225
1,84,0.5018,3.1224
1,85,0.5437,3.1225
1,86,1.0121,3.1224
1,87,0.317,3.1224
1,88,0.4986,3.1224
1,89,0.6986,3.1224
1,90,0.6222,3.1224
1,91,0.884,3.1223
1,92,0.2924,3.1223
1,93,0.4911,3.1223
1,94,0.3622,3.1223
1,95,0.3759,3.1222
1,96,0.5897,3.1223
1,97,0.3904,3.1222
1,98,0.4273,3.1223
1,99,0.4099,3.1222
1,100,0.5479,3.1222
1,101,0.9189,3.1222
1,102,0.6781,3.1222
1,103,0.4118,3.1222
1,104,0.5445,3.1222
1,105,0.3756,3.1223
1,106,0.3302,3.1223
1,107,0.8315,3.1223
1,108,0.6627,3.1222
1,109,0.4302,3.1223
1,110,0.4657,3.1223
1,111,0.443,3.1222
1,112,0.3819,3.1222
1,113,0.5434,3.1222
1,114,0.625,3.1222
1,115,0.3991,3.1222
1,116,0.7943,3.1222
1,117,0.4673,3.1222
1,118,0.3709,3.1222
1,119,0.4839,3.1222
1,120,0.5485,3.1222
1,121,0.5139,3.1221
1,122,0.3666,3.1221
1,123,0.5367,3.1221
1,124,0.5819,3.1221
1,125,0.4181,3.1222
1,126,1.2482,3.1221
1,127,0.4635,3.1222
1,128,0.6857,3.1222
1,129,0.6418,3.1221
1,130,0.574,3.1222
1,131,0.4196,3.1222
1,132,0.5025,3.1221
1,133,0.4551,3.122
1,134,0.4954,3.1221
1,135,0.3206,3.1221
1,136,0.4481,3.1221
1,137,0.7214,3.1221
1,138,0.4613,3.1221
1,139,0.3604,3.122
1,140,0.2556,3.1221
1,141,0.5224,3.122
1,142,0.4199,3.122
1,143,0.3431,3.1221
1,144,0.2885,3.1221
1,145,0.2779,3.1221
1,146,0.4723,3.1221
1,147,0.2998,3.1221
1,148,0.656,3.1221
1,149,0.4429,3.1221
1,150,1.0344,3.1221
1,151,0.3289,3.1221
1,152,0.6833,3.1221
1,153,0.5978,3.1221
1,154,0.3753,3.1221
1,155,0.3592,3.1221
1,156,0.5208,3.1221
1,157,0.4386,3.1221
1,158,0.3178,3.122
1,159,0.5629,3.122
1,160,0.4786,3.122
1,161,0.4995,3.122
1,162,0.4776,3.122
1,163,0.7901,3.122
1,164,0.4747,3.122
1,165,0.2929,3.1219
1,166,0.6387,3.122
1,167,0.2769,3.122
1,168,0.5921,3.122
1,169,0.5756,3.1219
1,170,0.5817,3.122
1,171,0.4198,3.1219
1,172,0.4371,3.1219
1,173,0.653,3.1219
1,174,0.7093,3.1219
1,175,0.2138,3.1219
1,176,0.5501,3.1218
1,177,0.6325,3.1217
1,178,0.4543,3.1218
1,179,0.5441,3.1218
1,180,0.4938,3.1217
1,181,0.4622,3.1217
1,182,0.5371,3.1217
1,183,0.4502,3.1218
1,184,0.4938,3.1217
1,185,0.4016,3.1218
1,186,0.6174,3.1217
1,187,0.3445,3.1218
1,188,0.3099,3.1217
1,189,0.6403,3.1217
1,190,0.6346,3.1218
1,191,0.4966,3.1217
1,192,0.5212,3.1217
1,193,0.4001,3.1217
1,194,0.2768,3.1217
1,195,0.444,3.1217
1,196,0.4161,3.1216
1,197,0.4952,3.1216
1,198,0.7453,3.1216
1,199,0.33,3.1216
1,200,0.5319,3.1216
1,201,0.263,3.1216
1,202,0.469,3.1217
1,203,0.3306,3.1216
1,204,0.2849,3.1216
1,205,0.5517,3.1216
1,206,0.4673,3.1216
1,207,0.3429,3.1217
1,208,0.4834,3.1216
1,209,0.4685,3.1216
1,210,0.6446,3.1216
1,211,0.3526,3.1216
1,212,0.4957,3.1215
1,213,0.3044,3.1216
1,214,0.3097,3.1215
1,215,0.3465,3.1215
1,216,0.2724,3.1215
1,217,0.4711,3.1215
1,218,0.448,3.1215
1,219,0.2417,3.1215
1,220,0.5506,3.1215
1,221,0.1855,3.1215
1,222,0.3497,3.1215
1,223,0.6025,3.1215
1,224,0.6521,3.1215
1,225,0.3821,3.1215
1,226,0.6705,3.1214
1,227,0.2848,3.1214
1,228,0.4061,3.1214
1,229,0.2512,3.1214
1,230,0.3814,3.1215
1,231,0.7028,3.1214
1,232,0.1511,3.1214
1,233,0.4042,3.1214
1,234,0.3207,3.1214
1,235,0.4245,3.1213
1,236,0.4894,3.1214
1,237,0.309,3.1214
1,238,0.5023,3.1214
1,239,0.2115,3.1214
1,240,0.2732,3.1214
1,241,0.3082,3.1213
1,242,0.3524,3.1213
1,243,0.5129,3.1213
1,244,0.2943,3.1213
1,245,0.4226,3.1214
1,246,0.2103,3.1214
1,247,0.5761,3.1214
1,248,0.4204,3.1214
1,249,0.3007,3.1214
1,250,0.3945,3.1213
1,251,0.5719,3.1213
1,252,0.4834,3.1213
1,253,0.5298,3.1213
1,254,0.5896,3.1213
1,255,0.3597,3.1212
1,256,0.3725,3.1213
1,257,0.2343,3.1212
1,258,0.3437,3.1212
1,259,0.3651,3.1212
1,260,0.4293,3.1213
1,261,0.303,3.1212
1,262,0.3509,3.1212
1,263,0.6447,3.1212
1,264,0.3987,3.1212
1,265,0.6083,3.1212
1,266,0.4244,3.1212
1,267,0.3604,3.1212
1,268,0.3809,3.1212
1,269,0.2239,3.1212
1,270,0.3917,3.1211
1,271,0.3189,3.1211
1,272,0.2813,3.1211
1,273,0.2505,3.1212
1,274,0.6127,3.1211
1,275,0.2276,3.1212
1,276,0.3397,3.1212
1,277,0.4583,3.1212
1,278,0.5231,3.1212
1,279,0.4317,3.1212
1,280,0.3364,3.1212
1,281,0.3218,3.1212
1,282,0.5852,3.1211
1,283,0.4993,3.1212
1,284,0.3412,3.1212
1,285,0.4067,3.1212
1,286,0.3359,3.1212
1,287,0.238,3.1211
1,288,0.304,3.1212
1,289,0.6534,3.1212
1,290,0.8587,3.1212
1,291,0.4758,3.1211
1,292,0.3629,3.1212
1,293,0.3841,3.1211
1,294,0.2451,3.1212
1,295,0.3418,3.1211
1,296,0.4823,3.1211
1,297,0.571,3.1211
1,298,0.3255,3.1212
1,299,0.4875,3.1211
1,300,0.6364,3.1211
1,301,0.4056,3.1211
1,302,0.4686,3.1211
1,303,0.2191,3.1211
1,304,0.4793,3.1211
1,305,0.2442,3.121
1,306,0.5749,3.121
1,307,0.5283,3.1211
1,308,0.5947,3.121
1,309,0.3027,3.121
1,310,0.2855,3.121
1,311,0.3945,3.121
1,312,0.4687,3.121
1,313,0.7536,3.1209
1,314,0.3705,3.1209
1,315,0.2591,3.1209
1,316,0.2197,3.1209
1,317,0.4551,3.1209
1,318,0.7318,3.1209
1,319,0.3413,3.1208
1,320,0.3474,3.1208
1,321,0.4588,3.1208
1,322,0.4512,3.1208
1,323,0.4439,3.1208
1,324,0.4865,3.1208
1,325,0.3568,3.1208
1,326,0.3795,3.1207
1,327,0.4433,3.1208
1,328,0.5279,3.1208
1,329,0.2465,3.1207
1,330,0.5191,3.1207
1,331,0.2665,3.1207
1,332,0.2693,3.1207
1,333,0.3704,3.1207
1,334,0.4509,3.1207
1,335,0.7888,3.1207
1,336,0.5935,3.1207
1,337,0.4548,3.1207
1,338,0.3695,3.1207
1,339,0.2472,3.1207
1,340,0.6432,3.1207
1,341,0.2146,3.1207
1,342,0.3433,3.1207
1,343,0.6049,3.1207
1,344,0.1503,3.1207
1,345,0.3594,3.1207
1,346,0.5984,3.1207
1,347,0.3581,3.1206
1,348,0.4446,3.1206
1,349,0.4914,3.1206
1,350,0.3525,3.1206
1,351,0.2976,3.1206
1,352,0.2257,3.1206
1,353,0.3973,3.1207
1,354,0.4896,3.1207
1,355,0.5004,3.1207
1,356,0.3091,3.1207
1,357,0.5742,3.1207
1,358,0.6906,3.1207
1,359,0.45,3.1207
1,360,0.3556,3.1207
1,361,0.388,3.1207
1,362,0.3577,3.1207
1,363,0.413,3.1207
1,364,0.5368,3.1207
1,365,0.4064,3.1207
1,366,0.2978,3.1207
1,367,0.2825,3.1207
1,368,0.6135,3.1207
1,369,0.4712,3.1207
1,370,0.427,3.1208
1,371,0.7537,3.1208
1,372,0.2735,3.1207
1,373,0.4872,3.1207
1,374,0.3639,3.1208
1,375,0.3263,3.1208
1,376,0.4266,3.1208
1,377,0.3847,3.1208
1,378,0.4604,3.1208
1,379,0.2908,3.1208
1,380,0.4381,3.1208
1,381,0.3652,3.1208
1,382,0.1526,3.1208
1,383,0.3112,3.1208
1,384,0.3065,3.1208
1,385,0.3243,3.1208
1,386,0.4748,3.1208
1,387,0.2126,3.1208
1,388,0.4502,3.1208
1,389,0.189,3.1209
1,390,0.3102,3.1208
1,391,0.2502,3.1208
1,392,0.6474,3.1208
1,393,0.3957,3.1208
1,394,0.4267,3.1208
1,395,0.2997,3.1208
1,396,0.3976,3.1208
1,397,0.3495,3.1208
1,398,0.2765,3.1208
1,399,0.4071,3.1208
1,400,0.189,3.1207
1,401,0.2734,3.1207
1,402,0.373,3.1207
1,403,0.5053,3.1207
1,404,0.1269,3.1207
1,405,0.6053,3.1207
1,406,0.4685,3.1207
1,407,0.1882,3.1207
1,408,0.2906,3.1207
1,409,0.2978,3.1207
1,410,0.4702,3.1207
1,411,0.3191,3.1207
1,412,0.2607,3.1207
1,413,0.591,3.1207
1,414,0.2902,3.1207
1,415,0.1231,3.1207
1,416,0.2604,3.1207
1,417,0.3857,3.1207
1,418,0.313,3.1207
1,419,0.3557,3.1208
1,420,0.3646,3.1207
1,421,0.4242,3.1207
1,422,0.2575,3.1207
1,423,0.4198,3.1207
1,424,0.244,3.1207
1,425,0.3611,3.1207
1,426,0.249,3.1207
1,427,0.3053,3.1207
1,428,0.3596,3.1206
1,429,0.2414,3.1207
1,430,0.4001,3.1206
1,431,0.3047,3.1207
1,432,0.4593,3.1207
1,433,0.228,3.1207
1,434,0.6602,3.1206
1,435,0.2692,3.1207
1,436,0.3515,3.1207
1,437,0.6055,3.1207
1,438,0.1859,3.1207
1,439,0.447,3.1206
1,440,0.5142,3.1207
1,441,0.6821,3.1206
1,442,0.2668,3.1206
1,443,0.4836,3.1206
1,444,0.5209,3.1207
1,445,0.7383,3.1206
2,0,0.6045,3.1206
2,1,0.1896,3.1206
2,2,0.3922,3.1206
2,3,0.2972,3.1206
2,4,0.3142,3.1206
2,5,0.3561,3.1206
2,6,0.3958,3.1206
2,7,0.4434,3.1206
2,8,0.516,3.1206
2,9,0.6069,3.1206
2,10,0.4471,3.1206
2,11,0.4416,3.1206
2,12,0.3311,3.1206
2,13,0.2177,3.1206
2,14,0.3327,3.1206
2,15,0.2689,3.1205
2,16,0.3405,3.1205
2,17,0.2293,3.1205
2,18,0.2903,3.1205
2,19,0.3208,3.1205
2,20,0.5139,3.1205
2,21,0.3993,3.1206
2,22,0.2727,3.1205
2,23,0.2047,3.1205
2,24,0.1477,3.1206
2,25,0.7403,3.1205
2,26,0.1636,3.1206
2,27,0.2046,3.1206
2,28,0.2075,3.1206
2,29,0.5313,3.1205
2,30,0.3761,3.1206
2,31,0.3767,3.1206
2,32,0.4782,3.1206
2,33,0.5158,3.1205
2,34,0.2125,3.1206
2,35,0.1984,3.1205
2,36,0.1593,3.1206
2,37,0.3557,3.1205
2,38,0.5299,3.1206
2,39,0.4371,3.1206
2,40,0.3977,3.1205
2,41,0.4061,3.1205
2,42,0.202,3.1205
2,43,0.2619,3.1205
2,44,0.4579,3.1205
2,45,0.2918,3.1206
2,46,0.2756,3.1205
2,47,0.2973,3.1205
2,48,0.1649,3.1205
2,49,0.1126,3.1205
2,50,0.3534,3.1205
2,51,0.2873,3.1205
2,52,0.3537,3.1205
2,53,0.2275,3.1205
2,54,0.3061,3.1205
2,55,0.2702,3.1205
2,56,0.1672,3.1205
2,57,0.3558,3.1205
2,58,0.5543,3.1205
2,59,0.1751,3.1205
2,60,0.4258,3.1205
2,61,0.3619,3.1205
2,62,0.2966,3.1204
2,63,0.3451,3.1205
2,64,0.3932,3.1205
2,65,0.168,3.1205
2,66,0.3649,3.1205
2,67,0.3807,3.1205
2,68,0.2661,3.1205
2,69,0.4434,3.1205
2,70,0.3052,3.1205
2,71,0.2814,3.1205
2,72,0.2622,3.1205
2,73,0.3966,3.1205
2,74,0.2835,3.1205
2,75,0.2454,3.1205
2,76,0.3301,3.1204
2,77,0.2698,3.1204
2,78,0.3075,3.1205
2,79,0.2052,3.1205
2,80,0.2455,3.1205
2,81,0.3015,3.1205
2,82,0.4429,3.1204
2,83,0.6306,3.1204
2,84,0.3225,3.1205
2,85,0.331,3.1204
2,86,0.3238,3.1204
2,87,0.3983,3.1204
2,88,0.2518,3.1204
2,89,0.4438,3.1204
2,90,0.4124,3.1204
2,91,0.2148,3.1204
2,92,0.6133,3.1204
2,93,0.132,3.1204
2,94,0.3158,3.1204
2,95,0.4266,3.1204
2,96,0.2419,3.1204
2,97,0.2728,3.1204
2,98,0.2154,3.1204
2,99,0.366,3.1204
2,100,0.2657,3.1204
2,101,0.1848,3.1204
2,102,0.3513,3.1204
2,103,0.3578,3.1204
2,104,0.2376,3.1204
2,105,0.1804,3.1204
2,106,0.5412,3.1204
2,107,0.4339,3.1204
2,108,0.1753,3.1204
2,109,0.1758,3.1204
2,110,0.3823,3.1204
2,111,0.1988,3.1204
2,112,0.2566,3.1204
2,113,0.1598,3.1204
2,114,0.0415,3.1204
2,115,0.2297,3.1204
2,116,0.4056,3.1204
2,117,0.2225,3.1204
2,118,0.2936,3.1204
2,119,0.438,3.1204
2,120,0.2362,3.1204
2,121,0.6095,3.1204
2,122,0.1865,3.1204
2,123,0.31,3.1204
2,124,0.3045,3.1204
2,125,0.337,3.1204
2,126,0.2067,3.1204
2,127,0.6439,3.1204
2,128,0.3637,3.1204
2,129,0.2525,3.1204
2,130,0.4426,3.1204
2,131,0.3963,3.1204
2,132,0.3009,3.1204
2,133,0.2821,3.1204
2,134,0.4212,3.1204
2,135,0.203,3.1204
2,136,0.1822,3.1203
2,137,0.1734,3.1203
2,138,0.1359,3.1203
2,139,0.2167,3.1203
2,140,0.1583,3.1203
2,141,0.5705,3.1203
2,142,0.1353,3.1203
2,143,0.2711,3.1203
2,144,0.4184,3.1203
2,145,0.1662,3.1203
2,146,0.2922,3.1203
2,147,0.6408,3.1203
2,148,0.325,3.1202
2,149,0.5228,3.1203
2,150,0.2839,3.1203
2,151,0.283,3.1202
2,152,0.1401,3.1202
2,153,0.2175,3.1202
2,154,0.1407,3.1202
2,155,0.3956,3.1202
2,156,0.1054,3.1202
2,157,0.1235,3.1202
2,158,0.2527,3.1202
2,159,0.3616,3.1202
2,160,0.3047,3.1202
2,161,0.3077,3.1202
2,162,0.3955,3.1202
2,163,0.4258,3.1202
2,164,0.2684,3.1202
2,165,0.2758,3.1202
2,166,0.4415,3.1202
2,167,0.1904,3.1202
2,168,0.2709,3.1202
2,169,0.3564,3.1202
2,170,0.4305,3.1202
2,171,0.2521,3.1202
2,172,0.2579,3.1202
2,173,0.1199,3.1202
2,174,0.2462,3.1202
2,175,0.3069,3.1202
2,176,0.2623,3.1203
2,177,0.224,3.1203
2,178,0.2708,3.1202
2,179,0.2865,3.1203
2,180,0.2023,3.1203
2,181,0.2972,3.1202
2,182,0.1573,3.1203
2,183,0.8557,3.1202
2,184,0.2612,3.1203
2,185,0.3093,3.1202
2,186,0.2856,3.1202
2,187,0.3287,3.1202
2,188,0.3024,3.1203
2,189,0.1442,3.1202
2,190,0.2443,3.1203
2,191,0.2201,3.1202
2,192,0.2404,3.1203
2,193,0.4184,3.1203
2,194,0.5722,3.1202
2,195,0.2247,3.1202
2,196,0.5729,3.1202
2,197,0.2191,3.1202
2,198,0.5058,3.1203
2,199,0.2752,3.1202
2,200,0.1906,3.1202
2,201,0.3785,3.1202
2,202,0.3551,3.1202
2,203,0.3113,3.1202
2,204,0.3168,3.1202
2,205,0.2672,3.1202
2,206,0.4032,3.1202
2,207,0.5884,3.1202
2,208,0.3526,3.1202
2,209,0.207,3.1202
2,210,0.2157,3.1202
2,211,0.2176,3.1202
2,212,0.1645,3.1202
2,213,0.1442,3.1202
2,214,0.3904,3.1202
2,215,0.4039,3.1202
2,216,0.7943,3.1202
2,217,0.3198,3.1202
2,218,0.4048,3.1202
2,219,0.2533,3.1202
2,220,0.2353,3.1202
2,221,0.2522,3.1201
2,222,0.2787,3.1202
2,223,0.2023,3.1201
2,224,0.1286,3.1201
2,225,0.159,3.1201
2,226,0.6847,3.1201
2,227,0.1088,3.1201
2,228,0.1432,3.1201
2,229,0.2245,3.1201
2,230,0.4787,3.1201
2,231,0.4469,3.1201
2,232,0.4524,3.1201
2,233,0.302,3.1201
2,234,0.2053,3.1201
2,235,0.1029,3.1201
2,236,0.4726,3.1201
2,237,0.1809,3.1201
2,238,0.4318,3.1201
2,239,0.1337,3.1201
2,240,0.3356,3.1201
2,241,0.3305,3.1201
2,242,0.1948,3.1201
2,243,0.192,3.1201
2,244,0.2119,3.1201
2,245,0.2433,3.1201
2,246,0.7381,3.1201
2,247,0.1695,3.1201
2,248,0.1246,3.1201
2,249,0.1779,3.12
2,250,0.41,3.1201
2,251,0.4901,3.1201
2,252,0.2683,3.1201
2,253,0.1147,3.1201
2,254,0.1391,3.1201
2,255,0.451,3.1201
2,256,0.4816,3.1201
2,257,0.4411,3.1201
2,258,0.3269,3.12
2,259,0.398,3.1201
2,260,0.2694,3.1201
2,261,0.1813,3.1201
2,262,0.2603,3.12
2,263,0.1983,3.12
2,264,0.3811,3.12
2,265,0.28,3.12
2,266,0.2623,3.1201
2,267,0.5497,3.12
2,268,0.2239,3.1201
2,269,0.1786,3.12
2,270,0.2134,3.1201
2,271,0.2473,3.1201
2,272,0.1603,3.1201
2,273,0.56,3.1201
2,274,0.2314,3.1201
2,275,0.2697,3.12
2,276,0.2016,3.1201
2,277,0.1333,3.1201
2,278,0.1908,3.12
2,279,0.3278,3.1201
2,280,0.0693,3.12
2,281,0.2208,3.1201
2,282,0.131,3.1201
2,283,0.1593,3.1201
2,284,0.2336,3.1201
2,285,0.2321,3.1201
2,286,0.3883,3.1201
2,287,0.3988,3.1201
2,288,0.2311,3.1201
2,289,0.2482,3.1201
2,290,0.2267,3.1201
2,291,0.4703,3.1201
2,292,0.4514,3.1201
2,293,0.415,3.1201
2,294,0.2469,3.1201
2,295,0.3003,3.1201
2,296,0.2208,3.1201
2,297,0.3494,3.12
2,298,0.2011,3.12
2,299,0.3336,3.12
2,300,0.3756,3.12
2,301,0.1763,3.12
2,302,0.2085,3.1201
2,303,0.2089,3.12
2,304,0.3184,3.12
2,305,0.2343,3.12
2,306,0.2994,3.1201
2,307,0.3308,3.1201
2,308,0.2084,3.1201
2,309,0.3592,3.1201
2,310,0.4787,3.1201
2,311,0.2248,3.1201
2,312,0.2952,3.12
2,313,0.1531,3.1201
2,314,0.201,3.12
2,315,0.2082,3.12
2,316,0.3214,3.1201
2,317,0.2099,3.1201
2,318,0.1597,3.1201
2,319,0.1033,3.1201
2,320,0.3391,3.1201
2,321,0.4446,3.1201
2,322,0.268,3.12
2,323,0.238,3.1201
2,324,0.3213,3.12
2,325,0.4644,3.12
2,326,0.1696,3.1201
2,327,0.2563,3.12
2,328,0.4183,3.12
2,329,0.3108,3.12
2,330,0.2397,3.12
2,331,0.3395,3.12
2,332,0.2355,3.12
2,333,0.7133,3.12
2,334,0.3518,3.12
2,335,0.1875,3.12
2,336,0.2151,3.12
2,337,0.7507,3.12
2,338,0.4205,3.12
2,339,0.1595,3.12
2,340,0.2121,3.12
2,341,0.1878,3.12
2,342,0.1607,3.1199
2,343,0.4497,3.1199
2,344,0.272,3.1199
2,345,0.4566,3.1199
2,346,0.1997,3.1199
2,347,0.2552,3.12
2,348,0.2863,3.1199
2,349,0.1886,3.1199
2,350,0.3479,3.1199
2,351,0.1811,3.1199
2,352,0.293,3.1199
2,353,0.4274,3.1199
2,354,0.2491,3.1199
2,355,0.4571,3.1199
2,356,0.1911,3.1199
2,357,0.1982,3.1199
2,358,0.2452,3.1199
2,359,0.2433,3.1199
2,360,0.1732,3.1199
2,361,0.1136,3.1199
2,362,0.2219,3.1199
2,363,0.3912,3.1199
2,364,0.1884,3.1199
2,365,0.1404,3.1199
2,366,0.214,3.1199
2,367,0.2001,3.1199
2,368,0.206,3.1199
2,369,0.2185,3.1199
2,370,0.1632,3.1199
2,371,0.1943,3.1199
2,372,0.4893,3.1199
2,373,0.3331,3.1199
2,374,0.1935,3.1199
2,375,0.0628,3.1199
2,376,0.1898,3.1199
2,377,0.221,3.1199
2,378,0.388,3.1199
2,379,0.652,3.1199
2,380,0.4682,3.1199
2,381,0.1742,3.1199
2,382,0.4216,3.1199
2,383,0.3822,3.1199
2,384,0.5171,3.1198
2,385,0.2327,3.1198
2,386,0.3564,3.1198
2,387,0.3309,3.1198
2,388,0.1316,3.1198
2,389,0.1335,3.1198
2,390,0.1426,3.1198
2,391,0.3842,3.1198
2,392,0.2154,3.1198
2,393,0.1713,3.1198
2,394,0.1776,3.1198
2,395,0.1462,3.1198
2,396,0.1981,3.1198
2,397,0.14,3.1198
2,398,0.0557,3.1198
2,399,0.2162,3.1198
2,400,0.1965,3.1198
2,401,0.2934,3.1198
2,402,0.2091,3.1198
2,403,0.3593,3.1198
2,404,0.1575,3.1198
2,405,0.1004,3.1198
2,406,0.1894,3.1198
2,407,0.2999,3.1198
2,408,0.3575,3.1198
2,409,0.155,3.1198
2,410,0.1555,3.1198
2,411,0.1166,3.1198
2,412,0.1911,3.1198
2,413,0.1994,3.1198
2,414,0.1367,3.1198
2,415,0.2369,3.1198
2,416,0.1432,3.1198
2,417,0.2723,3.1198
2,418,0.1402,3.1198
2,419,0.1685,3.1198
2,420,0.0657,3.1198
2,421,0.211,3.1199
2,422,0.1566,3.1199
2,423,0.4019,3.1198
2,424,0.2233,3.1198
2,425,0.3256,3.1198
2,426,0.1364,3.1198
2,427,0.1399,3.1199
2,428,0.1903,3.1198
2,429,0.1661,3.1199
2,430,0.0911,3.1198
2,431,0.2532,3.1199
2,432,0.2351,3.1198
2,433,0.057,3.1199
2,434,0.2598,3.1199
2,435,0.1872,3.1198
2,436,0.4726,3.1198
2,437,0.464,3.1198
2,438,0.3044,3.1198
2,439,0.4268,3.1198
2,440,0.6041,3.1198
2,441,0.1646,3.1198
2,442,0.098,3.1198
2,443,0.2962,3.1198
2,444,0.3414,3.1198
2,445,0.9292,3.1198
3,0,0.5543,3.1198
3,1,0.1787,3.1198
3,2,0.3026,3.1198
3,3,0.3808,3.1198
3,4,0.159,3.1198
3,5,0.1479,3.1198
3,6,0.2521,3.1198
3,7,0.2929,3.1198
3,8,0.1331,3.1198
3,9,0.3937,3.1198
3,10,0.2828,3.1198
3,11,0.3146,3.1198
3,12,0.2559,3.1198
3,13,0.1329,3.1198
3,14,0.3048,3.1198
3,15,0.2622,3.1198
3,16,0.2133,3.1198
3,17,0.0989,3.1198
3,18,0.5397,3.1198
3,19,0.1858,3.1198
3,20,0.3155,3.1198
3,21,0.1046,3.1198
3,22,0.1885,3.1198
3,23,0.1904,3.1198
3,24,0.303,3.1198
3,25,0.2394,3.1198
3,26,0.1633,3.1198
3,27,0.5785,3.1198
3,28,0.2707,3.1198
3,29,0.2459,3.1198
3,30,0.1434,3.1198
3,31,0.2242,3.1198
3,32,0.3832,3.1198
3,33,0.1668,3.1198
3,34,0.2019,3.1198
3,35,0.2076,3.1198
3,36,0.1188,3.1198
3,37,0.7177,3.1198
3,38,0.1554,3.1198
3,39,0.0801,3.1198
3,40,0.1644,3.1198
3,41,0.3831,3.1198
3,42,0.3966,3.1198
3,43,0.231,3.1198
3,44,0.3236,3.1198
3,45,0.229,3.1198
3,46,0.3155,3.1198
3,47,0.2473,3.1198
3,48,0.2326,3.1198
3,49,0.2349,3.1198
3,50,0.2678,3.1198
3,51,0.1126,3.1198
3,52,0.4339,3.1198
3,53,0.2952,3.1198
3,54,0.1016,3.1198
3,55,0.1032,3.1198
3,56,0.2337,3.1199
3,57,0.1191,3.1199
3,58,0.0665,3.1199
3,59,0.3115,3.1199
3,60,0.2091,3.1199
3,61,0.1502,3.1199
3,62,0.0903,3.1199
3,63,0.284,3.1199
3,64,0.2341,3.1199
3,65,0.2165,3.1199
3,66,0.1794,3.1199
3,67,0.1854,3.1199
3,68,0.0983,3.1199
3,69,0.2574,3.1199
3,70,0.1559,3.1199
3,71,0.163,3.1199
3,72,0.0569,3.1199
3,73,0.0619,3.12
3,74,0.0439,3.1199
3,75,0.1448,3.1199
3,76,0.254,3.1199
3,77,0.2161,3.1199
3,78,0.162,3.1199
3,79,0.1782,3.1199
3,80,0.298,3.1199
3,81,0.1632,3.12
3,82,0.3113,3.1199
3,83,0.1994,3.12
3,84,0.1962,3.12
3,85,0.4966,3.12
3,86,0.2358,3.12
3,87,0.1471,3.12
3,88,0.2251,3.1199
3,89,0.1136,3.1199
3,90,0.098,3.1199
3,91,0.2718,3.1199
3,92,0.2671,3.1199
3,93,0.2951,3.1199
3,94,0.0736,3.1199
3,95,0.3585,3.1199
3,96,0.174,3.1199
3,97,0.1971,3.1199
3,98,0.2745,3.1199
3,99,0.1242,3.1199
3,100,0.1967,3.1199
3,101,0.3071,3.1199
3,102,0.2725,3.1199
3,103,0.3378,3.1199
3,104,0.1614,3.1199
3,105,0.5325,3.1199
3,106,0.1183,3.1199
3,107,0.1844,3.1199
3,108,0.15,3.1199
3,109,0.2862,3.1198
3,110,0.1715,3.1199
3,111,0.4903,3.1199
3,112,0.2488,3.1199
3,113,0.4287,3.1199
3,114,0.7095,3.1198
3,115,0.3597,3.1199
3,116,0.1576,3.1198
3,117,0.1263,3.1199
3,118,0.2682,3.1198
3,119,0.2975,3.1198
3,120,0.2211,3.1198
3,121,0.4242,3.1198
3,122,0.0735,3.1198
3,123,0.1959,3.1198
3,124,0.2301,3.1198
3,125,0.2744,3.1198
3,126,0.3189,3.1198
3,127,0.1457,3.1198
3,128,0.0739,3.1198
3,129,0.1962,3.1198
3,130,0.276,3.1198
3,131,0.2111,3.1198
3,132,0.38,3.1198
3,133,0.1036,3.1198
3,134,0.3049,3.1198
3,135,0.3704,3.1198
3,136,0.1325,3.1198
3,137,0.1941,3.1198
3,138,0.0835,3.1198
3,139,0.2481,3.1198
3,140,0.4222,3.1198
3,141,0.2071,3.1198
3,142,0.2601,3.1198
3,143,0.1359,3.1198
3,144,0.2207,3.1198
3,145,0.245,3.1198
3,146,0.1794,3.1198
3,147,0.0984,3.1198
3,148,0.2384,3.1198
3,149,0.2207,3.1198
3,150,0.3268,3.1197
3,151,0.3785,3.1198
3,152,0.2055,3.1198
3,153,0.134,3.1198
3,154,0.0977,3.1198
3,155,0.0707,3.1198
3,156,0.0863,3.1198
3,157,0.1758,3.1198
3,158,0.1556,3.1198
3,159,0.3855,3.1198
3,160,0.258,3.1198
3,161,0.3786,3.1198
3,162,0.2394,3.1198
3,163,0.2884,3.1198
3,164,0.1398,3.1198
3,165,0.2438,3.1198
3,166,0.0982,3.1198
3,167,0.1292,3.1198
3,168,0.4325,3.1198
3,169,0.2375,3.1198
3,170,0.1398,3.1198
3,171,0.1219,3.1198
3,172,0.1554,3.1198
3,173,0.1857,3.1198
3,174,0.0982,3.1198
3,175,0.1591,3.1198
3,176,0.2365,3.1198
3,177,0.1536,3.1198
3,178,0.2439,3.1198
3,179,0.265,3.1198
3,180,0.3788,3.1198
3,181,0.1533,3.1198
3,182,0.2087,3.1198
3,183,0.0468,3.1198
3,184,0.3347,3.1197
3,185,0.1066,3.1198
3,186,0.2419,3.1198
3,187,0.2178,3.1197
3,188,0.2052,3.1198
3,189,0.4225,3.1197
3,190,0.2984,3.1197
3,191,0.1839,3.1197
3,192,0.1101,3.1197
3,193,0.3146,3.1197
3,194,0.2374,3.1197
3,195,0.3273,3.1197
3,196,0.4431,3.1197
3,197,0.1829,3.1197
3,198,0.2838,3.1197
3,199,0.1598,3.1197
3,200,0.2813,3.1197
3,201,0.1346,3.1197
3,202,0.3257,3.1197
3,203,0.2382,3.1197
3,204,0.2511,3.1197
3,205,0.3037,3.1197
3,206,0.1242,3.1197
3,207,0.094,3.1197
3,208,0.2548,3.1197
3,209,0.2788,3.1197
3,210,0.3203,3.1197
3,211,0.1018,3.1197
3,212,0.2517,3.1197
3,213,0.125,3.1197
3,214,0.2708,3.1197
3,215,0.1735,3.1197
3,216,0.1867,3.1197
3,217,0.1903,3.1197
3,218,0.2257,3.1197
3,219,0.1504,3.1197
3,220,0.0966,3.1197
3,221,0.2759,3.1197
3,222,0.0987,3.1197
3,223,0.3409,3.1197
3,224,0.2006,3.1197
3,225,0.4859,3.1197
3,226,0.1409,3.1197
3,227,0.1493,3.1197
3,228,0.4387,3.1197
3,229,0.1722,3.1197
3,230,0.2516,3.1197
3,231,0.266,3.1197
3,232,0.2218,3.1197
3,233,0.2639,3.1197
3,234,0.1832,3.1197
3,235,0.2026,3.1197
3,236,0.1302,3.1197
3,237,0.1891,3.1197
3,238,0.0828,3.1197
3,239,0.5938,3.1197
3,240,0.181,3.1197
3,241,0.2531,3.1198
3,242,0.1223,3.1197
3,243,0.2058,3.1197
3,244,0.3353,3.1197
3,245,0.1984,3.1197
3,246,0.4301,3.1197
3,247,0.1943,3.1197
3,248,0.4341,3.1197
3,249,0.1303,3.1197
3,250,0.2277,3.1197
3,251,0.2174,3.1197
3,252,0.1493,3.1197
3,253,0.1762,3.1197
3,254,0.4566,3.1197
3,255,0.1817,3.1197
3,256,0.4854,3.1197
3,257,0.1132,3.1197
3,258,0.088,3.1197
3,259,0.1783,3.1197
3,260,0.1191,3.1197
3,261,0.1022,3.1197
3,262,0.2946,3.1197
3,263,0.1455,3.1196
3,264,0.2768,3.1197
3,265,0.2331,3.1197
3,266,0.3433,3.1197
3,267,0.0811,3.1197
3,268,0.4989,3.1196
3,269,0.1289,3.1197
3,270,0.3361,3.1197
3,271,0.1216,3.1197
3,272,0.1603,3.1196
3,273,0.2054,3.1196
3,274,0.1808,3.1196
3,275,0.1785,3.1196
3,276,0.2474,3.1196
3,277,0.3687,3.1196
3,278,0.1945,3.1196
3,279,0.2023,3.1196
3,280,0.0705,3.1196
3,281,0.113,3.1196
3,282,0.1089,3.1196
3,283,0.2032,3.1196
3,284,0.0426,3.1196
3,285,0.0907,3.1196
3,286,0.2991,3.1196
3,287,0.0727,3.1196
3,288,0.2499,3.1196
3,289,0.2551,3.1196
3,290,0.114,3.1196
3,291,0.251,3.1196
3,292,0.4121,3.1196
3,293,0.3669,3.1196
3,294,0.084,3.1196
3,295,0.117,3.1196
3,296,0.2671,3.1196
3,297,0.1326,3.1196
3,298,0.1881,3.1196
3,299,0.4238,3.1196
3,300,0.1471,3.1196
3,301,0.0491,3.1196
3,302,0.2018,3.1196
3,303,0.1446,3.1196
3,304,0.2203,3.1196
3,305,0.2258,3.1196
3,306,0.1232,3.1196
3,307,0.0951,3.1196
3,308,0.4158,3.1196
3,309,0.2448,3.1196
3,310,0.0892,3.1196
3,311,0.1866,3.1196
3,312,0.1589,3.1197
3,313,0.1994,3.1197
3,314,0.1815,3.1196
3,315,0.1597,3.1197
3,316,0.3608,3.1197
3,317,0.1546,3.1197
3,318,0.0735,3.1197
3,319,0.2698,3.1197
3,320,0.3516,3.1197
3,321,0.2015,3.1197
3,322,0.3634,3.1197
3,323,0.1913,3.1197
3,324,0.2104,3.1197
3,325,0.2417,3.1197
3,326,0.2171,3.1197
3,327,0.1324,3.1197
3,328,0.3541,3.1197
3,329,0.0685,3.1197
3,330,0.0681,3.1197
3,331,0.113,3.1197
3,332,0.1968,3.1197
3,333,0.3259,3.1197
3,334,0.226,3.1197
3,335,0.0509,3.1197
3,336,0.187,3.1197
3,337,0.047,3.1197
3,338,0.1118,3.1197
3,339,0.1499,3.1197
3,340,0.1612,3.1197
3,341,0.1315,3.1197
3,342,0.1912,3.1197
3,343,0.0461,3.1197
3,344,0.323,3.1197
3,345,0.2367,3.1197
3,346,0.1199,3.1197
3,347,0.0627,3.1197
3,348,0.311,3.1197
3,349,0.2466,3.1197
3,350,0.4266,3.1197
3,351,0.406,3.1197
3,352,0.0993,3.1197
3,353,0.1278,3.1197
3,354,0.6389,3.1196
3,355,0.419,3.1197
3,356,0.1937,3.1197
3,357,0.1384,3.1197
3,358,0.1729,3.1197
3,359,0.2142,3.1197
3,360,0.351,3.1197
3,361,0.2064,3.1197
3,362,0.0738,3.1197
3,363,0.2523,3.1197
3,364,0.1762,3.1197
3,365,0.2247,3.1197
3,366,0.224,3.1197
3,367,0.1528,3.1197
3,368,0.2464,3.1197
3,369,0.098,3.1197
3,370,0.0667,3.1197
3,371,0.2036,3.1197
3,372,0.0859,3.1197
3,373,0.1721,3.1197
3,374,0.4137,3.1197
3,375,0.3398,3.1197
3,376,0.3209,3.1197
3,377,0.1527,3.1197
3,378,0.1769,3.1197
3,379,0.2926,3.1197
3,380,0.148,3.1197
3,381,0.1939,3.1197
3,382,0.1062,3.1197
3,383,0.3409,3.1197
3,384,0.068,3.1197
3,385,0.1029,3.1197
3,386,0.4005,3.1197
3,387,0.5204,3.1197
3,388,0.1318,3.1197
3,389,0.0999,3.1197
3,390,0.2748,3.1197
3,391,0.2416,3.1197
3,392,0.0951,3.1197
3,393,0.3734,3.1197
3,394,0.1328,3.1197
3,395,0.3215,3.1197
3,396,0.2968,3.1197
3,397,0.1917,3.1197
3,398,0.2141,3.1197
3,399,0.2236,3.1197
3,400,0.2523,3.1197
3,401,0.3282,3.1197
3,402,0.2419,3.1197
3,403,0.0477,3.1197
3,404,0.1616,3.1197
3,405,0.321,3.1197
3,406,0.1242,3.1197
3,407,0.2399,3.1197
3,408,0.2167,3.1197
3,409,0.3436,3.1197
3,410,0.1472,3.1197
3,411,0.1431,3.1197
3,412,0.1127,3.1197
3,413,0.2243,3.1197
3,414,0.1935,3.1197
3,415,0.1478,3.1197
3,416,0.1605,3.1197
3,417,0.2332,3.1197
3,418,0.1786,3.1197
3,419,0.3302,3.1197
3,420,0.27,3.1197
3,421,0.2024,3.1197
3,422,0.1897,3.1197
3,423,0.1659,3.1197
3,424,0.1937,3.1197
3,425,0.2568,3.1197
3,426,0.1402,3.1197
3,427,0.2994,3.1197
3,428,0.1442,3.1197
3,429,0.0927,3.1197
3,430,0.1695,3.1197
3,431,0.3974,3.1197
3,432,0.2244,3.1197
3,433,0.107,3.1197
3,434,0.31,3.1197
3,435,0.2175,3.1197
3,436,0.6004,3.1197
3,437,0.123,3.1197
3,438,0.1682,3.1197
3,439,0.1061,3.1197
3,440,0.087,3.1197
3,441,0.3651,3.1197
3,442,0.6023,3.1197
3,443,0.1533,3.1197
3,444,0.15,3.1197
3,445,0.4537,3.1196
4,0,0.2587,3.1197
4,1,0.181,3.1197
4,2,0.389,3.1197
4,3,0.2475,3.1197
4,4,0.3195,3.1197
4,5,0.1211,3.1197
4,6,0.1654,3.1197
4,7,0.3105,3.1197
4,8,0.1471,3.1197
4,9,0.2362,3.1197
4,10,0.1905,3.1197
4,11,0.3112,3.1197
4,12,0.4,3.1197
4,13,0.058,3.1197
4,14,0.2272,3.1197
4,15,0.1746,3.1197
4,16,0.043,3.1197
4,17,0.1982,3.1197
4,18,0.2363,3.1197
4,19,0.199,3.1197
4,20,0.2324,3.1197
4,21,0.0969,3.1197
4,22,0.1609,3.1197
4,23,0.1755,3.1197
4,24,0.253,3.1197
4,25,0.1563,3.1197
4,26,0.1251,3.1197
4,27,0.0547,3.1197
4,28,0.0522,3.1197
4,29,0.127,3.1197
4,30,0.1589,3.1197
4,31,0.2673,3.1197
4,32,0.0912,3.1197
4,33,0.0886,3.1197
4,34,0.4282,3.1197
4,35,0.0712,3.1197
4,36,0.1302,3.1197
4,37,0.1127,3.1197
4,38,0.1458,3.1197
4,39,0.5018,3.1197
4,40,0.3653,3.1197
4,41,0.2711,3.1197
4,42,0.3446,3.1197
4,43,0.1812,3.1197
4,44,0.3266,3.1197
4,45,0.2639,3.1197
4,46,0.0829,3.1197
4,47,0.2103,3.1197
4,48,0.1279,3.1197
4,49,0.1559,3.1197
4,50,0.2731,3.1197
4,51,0.1215,3.1197
4,52,0.1744,3.1197
4,53,0.078,3.1197
4,54,0.1364,3.1197
4,55,0.0899,3.1197
4,56,0.1002,3.1197
4,57,0.1671,3.1197
4,58,0.1342,3.1197
4,59,0.5656,3.1197
4,60,0.45,3.1197
4,61,0.1968,3.1197
4,62,0.3465,3.1197
4,63,0.2713,3.1197
4,64,0.208,3.1197
4,65,0.1485,3.1197
4,66,0.116,3.1197
4,67,0.238,3.1197
4,68,0.1935,3.1197
4,69,0.0714,3.1197
4,70,0.1705,3.1197
4,71,0.1525,3.1197
4,72,0.3089,3.1197
4,73,0.3497,3.1197
4,74,0.0715,3.1197
4,75,0.3328,3.1197
4,76,0.2634,3.1197
4,77,0.1294,3.1197
4,78,0.2289,3.1197
4,79,0.111,3.1197
4,80,0.1191,3.1196
4,81,0.4672,3.1197
4,82,0.1579,3.1196
4,83,0.1631,3.1196
4,84,0.0392,3.1196
4,85,0.123,3.1196
4,86,0.3288,3.1196
4,87,0.041,3.1196
4,88,0.1424,3.1196
4,89,0.228,3.1196
4,90,0.1589,3.1196
4,91,0.1852,3.1196
4,92,0.3292,3.1196
4,93,0.1262,3.1196
4,94,0.0946,3.1196
4,95,0.4188,3.1196
4,96,0.2848,3.1196
4,97,0.0741,3.1196
4,98,0.2805,3.1196
4,99,0.2999,3.1196
4,100,0.2314,3.1196
4,101,0.044,3.1196
4,102,0.2855,3.1196
4,103,0.1253,3.1196
4,104,0.1638,3.1196
4,105,0.2373,3.1196
4,106,0.2381,3.1196
4,107,0.3086,3.1196
4,108,0.2137,3.1196
4,109,0.0596,3.1196
4,110,0.1207,3.1196
4,111,0.0832,3.1196
4,112,0.3377,3.1196
4,113,0.2723,3.1196
4,114,0.1019,3.1196
4,115,0.3963,3.1196
4,116,0.1795,3.1196
4,117,0.2423,3.1196
4,118,0.2397,3.1196
4,119,0.0863,3.1196
4,120,0.1709,3.1196
4,121,0.1072,3.1196
4,122,0.1443,3.1196
4,123,0.1705,3.1196
4,124,0.4274,3.1196
4,125,0.1374,3.1195
4,126,0.2753,3.1195
4,127,0.2506,3.1195
4,128,0.3852,3.1195
4,129,0.0746,3.1195
4,130,0.1608,3.1195
4,131,0.0885,3.1195
4,132,0.0935,3.1195
4,133,0.1315,3.1195
4,134,0.1977,3.1195
4,135,0.0604,3.1195
4,136,0.1231,3.1195
4,137,0.0997,3.1195
4,138,0.2097,3.1195
4,139,0.4405,3.1195
4,140,0.0886,3.1195
4,141,0.2751,3.1195
4,142,0.2149,3.1195
4,143,0.3024,3.1195
4,144,0.2307,3.1195
4,145,0.3035,3.1195
4,146,0.5094,3.1195
4,147,0.0321,3.1195
4,148,0.2516,3.1195
4,149,0.1223,3.1195
4,150,0.131,3.1195
4,151,0.1083,3.1195
4,152,0.5199,3.1195
4,153,0.0781,3.1195
4,154,0.085,3.1195
4,155,0.19,3.1195
4,156,0.1083,3.1195
4,157,0.1293,3.1195
4,158,0.4444,3.1195
4,159,0.3856,3.1195
4,160,0.3164,3.1195
4,161,0.2787,3.1195
4,162,0.2496,3.1195
4,163,0.0956,3.1195
4,164,0.1395,3.1195
4,165,0.1992,3.1195
4,166,0.2675,3.1195
4,167,0.1267,3.1195
4,168,0.0971,3.1195
4,169,0.1203,3.1195
4,170,0.1935,3.1195
4,171,0.0766,3.1195
4,172,0.2509,3.1195
4,173,0.4053,3.1195
4,174,0.0577,3.1195
4,175,0.2358,3.1195
4,176,0.1043,3.1195
4,177,0.305,3.1195
4,178,0.4223,3.1195
4,179,0.2943,3.1195
4,180,0.2053,3.1195
4,181,0.132,3.1195
4,182,0.1316,3.1195
4,183,0.3129,3.1195
4,184,0.2323,3.1195
4,185,0.2019,3.1195
4,186,0.2211,3.1195
4,187,0.1846,3.1195
4,188,0.1357,3.1195
4,189,0.0554,3.1195
4,190,0.05,3.1195
4,191,0.0694,3.1195
4,192,0.0855,3.1195
4,193,0.0658,3.1195
4,194,0.1118,3.1195
4,195,0.1958,3.1195
4,196,0.1786,3.1195
4,197,0.1154,3.1195
4,198,0.1117,3.1195
4,199,0.1474,3.1195
4,200,0.0326,3.1195
4,201,0.1291,3.1195
4,202,0.2357,3.1195
4,203,0.061,3.1195
4,204,0.1247,3.1195
4,205,0.2795,3.1195
4,206,0.446,3.1195
4,207,0.2212,3.1195
4,208,0.1094,3.1195
4,209,0.3902,3.1195
4,210,0.03,3.1195
4,211,0.164,3.1195
4,212,0.7748,3.1195
4,213,0.0606,3.1195
4,214,0.2737,3.1195
4,215,0.2431,3.1195
4,216,0.1097,3.1195
4,217,0.365,3.1195
4,218,0.3096,3.1195
4,219,0.2751,3.1195
4,220,0.1248,3.1195
4,221,0.1901,3.1195
4,222,0.3183,3.1194
4,223,0.0479,3.1194
4,224,0.1436,3.1194
4,225,0.329,3.1194
4,226,0.6022,3.1195
4,227,0.1611,3.1194
4,228,0.1511,3.1194
4,229,0.1642,3.1194
4,230,0.1721,3.1194
4,231,0.2285,3.1194
4,232,0.0885,3.1194
4,233,0.1418,3.1194
4,234,0.2494,3.1194
4,235,0.3901,3.1194
4,236,0.158,3.1194
4,237,0.0911,3.1194
4,238,0.4002,3.1194
4,239,0.3195,3.1194
4,240,0.277,3.1194
4,241,0.1459,3.1194
4,242,0.2554,3.1194
4,243,0.205,3.1194
4,244,0.0879,3.1195
4,245,0.0537,3.1194
4,246,0.3387,3.1194
4,247,0.1242,3.1195
4,248,0.181,3.1195
4,249,0.1701,3.1195
4,250,0.1615,3.1195
4,251,0.127,3.1195
4,252,0.2369,3.1195
4,253,0.2625,3.1195
4,254,0.1161,3.1195
4,255,0.19,3.1195
4,256,0.0315,3.1195
4,257,0.2328,3.1195
4,258,0.1294,3.1195
4,259,0.0657,3.1195
4,260,0.3839,3.1195
4,261,0.2662,3.1195
4,262,0.2237,3.1195
4,263,0.4113,3.1195
4,264,0.0739,3.1195
4,265,0.5119,3.1195
4,266,0.2483,3.1195
4,267,0.2613,3.1195
4,268,0.1161,3.1195
4,269,0.2307,3.1195
4,270,0.2266,3.1195
4,271,0.103,3.1195
4,272,0.2263,3.1195
4,273,0.3801,3.1195
4,274,0.081,3.1195
4,275,0.7268,3.1195
4,276,0.31,3.1195
4,277,0.2948,3.1195
4,278,0.2016,3.1195
4,279,0.1054,3.1195
4,280,0.1431,3.1195
4,281,0.1348,3.1195
4,282,0.2419,3.1195
4,283,0.3248,3.1195
4,284,0.3976,3.1195
4,285,0.1125,3.1195
4,286,0.3259,3.1195
4,287,0.3383,3.1195
4,288,0.0934,3.1195
4,289,0.0992,3.1195
4,290,0.1129,3.1195
4,291,0.2245,3.1195
4,292,0.0547,3.1195
4,293,0.2699,3.1195
4,294,0.2565,3.1195
4,295,0.2712,3.1195
4,296,0.1772,3.1195
4,297,0.0946,3.1195
4,298,0.195,3.1195
4,299,0.1002,3.1195
4,300,0.0608,3.1195
4,301,0.2005,3.1195
4,302,0.0719,3.1195
4,303,0.1656,3.1195
4,304,0.2174,3.1195
4,305,0.3541,3.1195
4,306,0.2117,3.1195
4,307,0.0565,3.1195
4,308,0.0778,3.1195
4,309,0.2204,3.1195
4,310,0.0451,3.1195
4,311,0.1035,3.1195
4,312,0.3145,3.1195
4,313,0.0819,3.1195
4,314,0.2472,3.1195
4,315,0.1371,3.1195
4,316,0.1066,3.1195
4,317,0.3723,3.1195
4,318,0.2541,3.1195
4,319,0.4273,3.1195
4,320,0.0491,3.1195
4,321,0.3891,3.1195
4,322,0.0264,3.1195
4,323,0.1051,3.1195
4,324,0.2473,3.1195
4,325,0.2664,3.1195
4,326,0.1465,3.1195
4,327,0.3719,3.1195
4,328,0.2671,3.1195
4,329,0.1341,3.1194
4,330,0.084,3.1194
4,331,0.2292,3.1194
4,332,0.1144,3.1194
4,333,0.2234,3.1194
4,334,0.1026,3.1194
4,335,0.1008,3.1194
4,336,0.2367,3.1194
4,337,0.2692,3.1194
4,338,0.1163,3.1194
4,339,0.2242,3.1194
4,340,0.0859,3.1194
4,341,0.2098,3.1194
4,342,0.1685,3.1194
4,343,0.1237,3.1194
4,344,0.3558,3.1194
4,345,0.056,3.1194
4,346,0.0987,3.1194
4,347,0.0834,3.1194
4,348,0.125,3.1194
4,349,0.0587,3.1194
4,350,0.1424,3.1194
4,351,0.0669,3.1194
4,352,0.2075,3.1194
4,353,0.087,3.1194
4,354,0.1855,3.1194
4,355,0.2344,3.1194
4,356,0.2757,3.1194
4,357,0.2295,3.1194
4,358,0.3333,3.1194
4,359,0.0772,3.1194
4,360,0.3419,3.1194
4,361,0.1261,3.1194
4,362,0.0909,3.1194
4,363,0.1113,3.1194
4,364,0.1172,3.1194
4,365,0.1068,3.1194
4,366,0.2279,3.1194
4,367,0.0355,3.1194
4,368,0.2602,3.1194
4,369,0.1557,3.1194
4,370,0.2054,3.1194
4,371,0.3637,3.1194
4,372,0.0804,3.1194
4,373,0.0667,3.1194
4,374,0.2118,3.1194
4,375,0.0885,3.1194
4,376,0.1138,3.1194
4,377,0.0493,3.1194
4,378,0.1669,3.1194
4,379,0.1522,3.1194
4,380,0.0511,3.1194
4,381,0.1834,3.1194
4,382,0.3145,3.1194
4,383,0.0621,3.1194
4,384,0.1514,3.1194
4,385,0.1032,3.1194
4,386,0.0592,3.1194
4,387,0.0426,3.1194
4,388,0.0793,3.1194
4,389,0.0498,3.1194
4,390,0.0661,3.1194
4,391,0.1871,3.1194
4,392,0.286,3.1194
4,393,0.2615,3.1194
4,394,0.279,3.1195
4,395,0.0564,3.1195
4,396,0.0463,3.1194
4,397,0.0765,3.1194
4,398,0.1327,3.1195
4,399,0.0949,3.1195
4,400,0.0798,3.1195
4,401,0.0572,3.1195
4,402,0.1805,3.1195
4,403,0.1299,3.1195
4,404,0.1929,3.1195
4,405,0.3053,3.1195
4,406,0.1455,3.1195
4,407,0.2057,3.1195
4,408,0.4897,3.1194
4,409,0.2046,3.1194
4,410,0.1453,3.1194
4,411,0.0995,3.1194
4,412,0.0324,3.1195
4,413,0.2404,3.1195
4,414,0.0218,3.1194
4,415,0.0724,3.1194
4,416,0.0578,3.1194
4,417,0.1409,3.1194
4,418,0.2101,3.1194
4,419,0.1136,3.1194
4,420,0.1698,3.1194
4,421,0.2357,3.1194
4,422,0.1326,3.1194
4,423,0.099,3.1194
4,424,0.04,3.1194
4,425,0.0343,3.1194
4,426,0.2677,3.1194
4,427,0.2349,3.1194
4,428,0.1725,3.1194
4,429,0.159,3.1194
4,430,0.2367,3.1194
4,431,0.2437,3.1194
4,432,0.1605,3.1194
4,433,0.1018,3.1194
4,434,0.1063,3.1194
4,435,0.1788,3.1194
4,436,0.0399,3.1194
4,437,0.0638,3.1194
4,438,0.2622,3.1194
4,439,0.1543,3.1194
4,440,0.035,3.1194
4,441,0.308,3.1194
4,442,0.306,3.1194
4,443,0.0985,3.1194
4,444,0.2888,3.1194
4,445,0.4084,3.1194
5,0,0.2996,3.1194
5,1,0.0413,3.1194
5,2,0.1574,3.1194
5,3,0.1242,3.1194
5,4,0.1405,3.1194
5,5,0.4094,3.1194
5,6,0.1154,3.1194
5,7,0.1872,3.1194
5,8,0.0471,3.1194
5,9,0.2104,3.1194
5,10,0.2589,3.1194
5,11,0.1284,3.1194
5,12,0.2311,3.1194
5,13,0.1414,3.1194
5,14,0.0645,3.1194
5,15,0.0913,3.1194
5,16,0.0283,3.1194
5,17,0.1566,3.1194
5,18,0.2033,3.1194
5,19,0.097,3.1194
5,20,0.3119,3.1194
5,21,0.202,3.1194
5,22,0.0928,3.1194
5,23,0.1746,3.1194
5,24,0.1645,3.1194
5,25,0.1684,3.1194
5,26,0.1274,3.1194
5,27,0.1574,3.1194
5,28,0.1883,3.1194
5,29,0.0947,3.1194
5,30,0.3108,3.1194
5,31,0.2393,3.1194
5,32,0.0617,3.1194
5,33,0.0882,3.1194
5,34,0.2095,3.1194
5,35,0.161,3.1194
5,36,0.2504,3.1194
5,37,0.0629,3.1194
5,38,0.1048,3.1194
5,39,0.0546,3.1194
5,40,0.0691,3.1194
5,41,0.0703,3.1194
5,42,0.1574,3.1194
5,43,0.1878,3.1194
5,44,0.1645,3.1194
5,45,0.0759,3.1194
5,46,0.1655,3.1194
5,47,0.1188,3.1194
5,48,0.0966,3.1194
5,49,0.078,3.1194
5,50,0.2665,3.1194
5,51,0.1306,3.1194
5,52,0.0682,3.1194
5,53,0.1904,3.1194
5,54,0.1759,3.1194
5,55,0.1402,3.1194
5,56,0.1151,3.1194
5,57,0.1451,3.1194
5,58,0.1664,3.1194
5,59,0.0995,3.1194
5,60,0.1237,3.1194
5,61,0.1517,3.1194
5,62,0.1126,3.1194
5,63,0.0983,3.1194
5,64,0.2309,3.1194
5,65,0.0515,3.1194
5,66,0.0856,3.1194
5,67,0.102,3.1194
5,68,0.121,3.1194
5,69,0.085,3.1194
5,70,0.0462,3.1194
5,71,0.1056,3.1194
5,72,0.0933,3.1194
5,73,0.0674,3.1194
5,74,0.1438,3.1194
5,75,0.2863,3.1194
5,76,0.1253,3.1194
5,77,0.032,3.1194
5,78,0.0234,3.1194
5,79,0.0307,3.1194
5,80,0.054,3.1194
5,81,0.0743,3.1194
5,82,0.0308,3.1194
5,83,0.057,3.1194
5,84,0.2411,3.1194
5,85,0.1124,3.1194
5,86,0.1608,3.1194
5,87,0.2167,3.1194
5,88,0.0723,3.1194
5,89,0.1152,3.1194
5,90,0.2986,3.1194
5,91,0.1966,3.1194
5,92,0.1055,3.1194
5,93,0.245,3.1194
5,94,0.1666,3.1194
5,95,0.3194,3.1194
5,96,0.1062,3.1194
5,97,0.2279,3.1194
5,98,0.1584,3.1194
5,99,0.0775,3.1194
5,100,0.2531,3.1194
5,101,0.1272,3.1194
5,102,0.1206,3.1194
5,103,0.1341,3.1194
5,104,0.0338,3.1194
5,105,0.082,3.1194
5,106,0.0626,3.1194
5,107,0.2659,3.1194
5,108,0.0412,3.1194
5,109,0.0938,3.1194
5,110,0.0614,3.1194
5,111,0.1878,3.1194
5,112,0.125,3.1194
5,113,0.0938,3.1194
5,114,0.2232,3.1194
5,115,0.06,3.1194
5,116,0.2077,3.1194
5,117,0.1244,3.1194
5,118,0.26,3.1194
5,119,0.0649,3.1194
5,120,0.2954,3.1194
5,121,0.0634,3.1194
5,122,0.0532,3.1194
5,123,0.1654,3.1194
5,124,0.0922,3.1194
5,125,0.1982,3.1194
5,126,0.1731,3.1194
5,127,0.092,3.1194
5,128,0.073,3.1194
5,129,0.3069,3.1194
5,130,0.1329,3.1194
5,131,0.2397,3.1194
5,132,0.1483,3.1194
5,133,0.1149,3.1194
5,134,0.1868,3.1194
5,135,0.1943,3.1194
5,136,0.1801,3.1194
5,137,0.0707,3.1194
5,138,0.1231,3.1194
5,139,0.1674,3.1194
5,140,0.1359,3.1194
5,141,0.1621,3.1194
5,142,0.1706,3.1194
5,143,0.146,3.1194
5,144,0.2115,3.1194
5,145,0.1136,3.1194
5,146,0.1137,3.1194
5,147,0.0656,3.1194
5,148,0.0954,3.1194
5,149,0.2247,3.1194
5,150,0.0867,3.1194
5,151,0.2154,3.1194
5,152,0.1185,3.1194
5,153,0.1533,3.1194
5,154,0.4938,3.1194
5,155,0.1466,3.1194
5,156,0.2073,3.1194
5,157,0.1569,3.1194
5,158,0.0597,3.1194
5,159,0.1858,3.1194
5,160,0.0498,3.1194
5,161,0.2015,3.1194
5,162,0.2466,3.1194
5,163,0.2055,3.1194
5,164,0.0307,3.1194
5,165,0.0817,3.1194
5,166,0.1626,3.1194
5,167,0.1332,3.1194
5,168,0.0311,3.1194
5,169,0.0573,3.1194
5,170,0.0859,3.1194
5,171,0.1615,3.1194
5,172,0.4943,3.1194
5,173,0.1702,3.1194
5,174,0.0864,3.1194
5,175,0.2099,3.1194
5,176,0.2949,3.1194
5,177,0.0822,3.1194
5,178,0.1746,3.1194
5,179,0.4003,3.1194
5,180,0.2404,3.1194
5,181,0.1885,3.1194
5,182,0.1193,3.1194
5,183,0.1005,3.1194
5,184,0.1148,3.1194
5,185,0.0593,3.1194
5,186,0.0953,3.1194
5,187,0.067,3.1194
5,188,0.3136,3.1194
5,189,0.2242,3.1194
5,190,0.179,3.1194
5,191,0.311,3.1194
5,192,0.2621,3.1194
5,193,0.397,3.1194
5,194,0.185,3.1194
5,195,0.118,3.1194
5,196,0.2239,3.1194
5,197,0.0929,3.1194
5,198,0.1527,3.1194
5,199,0.3872,3.1194
5,200,0.1504,3.1194
5,201,0.4723,3.1194
5,202,0.1666,3.1194
5,203,0.223,3.1194
5,204,0.1534,3.1194
5,205,0.1492,3.1194
5,206,0.0795,3.1194
5,207,0.0701,3.1194
5,208,0.2365,3.1194
5,209,0.1656,3.1194
5,210,0.0231,3.1194
5,211,0.0825,3.1194
5,212,0.1363,3.1194
5,213,0.0689,3.1194
5,214,0.1855,3.1194
5,215,0.0815,3.1194
5,216,0.1494,3.1194
5,217,0.0908,3.1194
5,218,0.1128,3.1194
5,219,0.2267,3.1194
5,220,0.1483,3.1194
5,221,0.0484,3.1194
5,222,0.1662,3.1194
5,223,0.2567,3.1194
5,224,0.3451,3.1194
5,225,0.2272,3.1194
5,226,0.1291,3.1194
5,227,0.1978,3.1194
5,228,0.1197,3.1194
5,229,0.0742,3.1194
5,230,0.1057,3.1194
5,231,0.0658,3.1194
5,232,0.5472,3.1194
5,233,0.3338,3.1194
5,234,0.1285,3.1194
5,235,0.2825,3.1194
5,236,0.3433,3.1194
5,237,0.1118,3.1194
5,238,0.1449,3.1194
5,239,0.0918,3.1194
5,240,0.1298,3.1194
5,241,0.0915,3.1194
5,242,0.024,3.1194
5,243,0.0877,3.1194
5,244,0.2102,3.1194
5,245,0.0776,3.1194
5,246,0.1749,3.1194
5,247,0.1022,3.1194
5,248,0.1271,3.1194
5,249,0.0408,3.1194
5,250,0.2192,3.1194
5,251,0.2063,3.1194
5,252,0.2527,3.1194
5,253,0.2358,3.1194
5,254,0.0649,3.1194
5,255,0.3587,3.1194
5,256,0.0483,3.1194
5,257,0.1584,3.1194
5,258,0.319,3.1194
5,259,0.5426,3.1194
5,260,0.12,3.1194
5,261,0.2233,3.1194
5,262,0.098,3.1194
5,263,0.0871,3.1194
5,264,0.1488,3.1194
5,265,0.1658,3.1194
5,266,0.1444,3.1194
5,267,0.212,3.1194
5,268,0.0871,3.1194
5,269,0.0908,3.1194
5,270,0.156,3.1194
5,271,0.2715,3.1194
5,272,0.1342,3.1194
5,273,0.4096,3.1194
5,274,0.1939,3.1194
5,275,0.0546,3.1194
5,276,0.3416,3.1194
5,277,0.274,3.1194
5,278,0.142,3.1194
5,279,0.1429,3.1194
5,280,0.1732,3.1194
5,281,0.141,3.1194
5,282,0.1211,3.1194
5,283,0.1533,3.1194
5,284,0.1382,3.1194
5,285,0.2882,3.1194
5,286,0.1414,3.1194
5,287,0.0475,3.1194
5,288,0.1764,3.1194
5,289,0.0459,3.1194
5,290,0.1744,3.1194
5,291,0.0343,3.1194
5,292,0.2539,3.1194
5,293,0.3013,3.1194
5,294,0.0556,3.1194
5,295,0.0597,3.1194
5,296,0.0303,3.1194
5,297,0.1283,3.1194
5,298,0.0459,3.1194
5,299,0.2248,3.1194
5,300,0.1611,3.1194
5,301,0.0758,3.1194
5,302,0.1816,3.1194
5,303,0.1782,3.1194
5,304,0.2094,3.1194
5,305,0.0656,3.1194
5,306,0.0413,3.1194
5,307,0.2439,3.1194
5,308,0.1036,3.1194
5,309,0.1644,3.1194
5,310,0.1222,3.1194
5,311,0.1642,3.1194
5,312,0.0727,3.1194
5,313,0.144,3.1194
5,314,0.1178,3.1194
5,315,0.1805,3.1194
5,316,0.1283,3.1194
5,317,0.0838,3.1194
5,318,0.1164,3.1194
5,319,0.0375,3.1194
5,320,0.0801,3.1194
5,321,0.1308,3.1194
5,322,0.2016,3.1194
5,323,0.0682,3.1194
5,324,0.2125,3.1194
5,325,0.0932,3.1194
5,326,0.185,3.1194
5,327,0.1871,3.1194
5,328,0.0636,3.1194
5,329,0.1529,3.1194
5,330,0.0435,3.1194
5,331,0.0413,3.1194
5,332,0.084,3.1194
5,333,0.173,3.1194
5,334,0.0719,3.1194
5,335,0.1105,3.1194
5,336,0.0563,3.1194
5,337,0.0797,3.1194
5,338,0.3058,3.1194
5,339,0.0668,3.1194
5,340,0.1729,3.1194
5,341,0.0848,3.1194
5,342,0.2426,3.1194
5,343,0.2536,3.1194
5,344,0.0624,3.1194
5,345,0.0875,3.1194
5,346,0.2277,3.1194
5,347,0.1346,3.1194
5,348,0.0693,3.1194
5,349,0.0664,3.1194
5,350,0.2867,3.1194
5,351,0.1163,3.1194
5,352,0.0264,3.1194
5,353,0.1264,3.1194
5,354,0.3797,3.1194
5,355,0.0685,3.1194
5,356,0.0325,3.1194
5,357,0.3001,3.1194
5,358,0.1051,3.1194
5,359,0.1899,3.1194
5,360,0.0521,3.1194
5,361,0.1965,3.1194
5,362,0.1722,3.1194
5,363,0.0422,3.1194
5,364,0.0351,3.1194
5,365,0.0474,3.1194
5,366,0.0452,3.1194
5,367,0.097,3.1194
5,368,0.0412,3.1194
5,369,0.1072,3.1194
5,370,0.0804,3.1194
5,371,0.1719,3.1194
5,372,0.2096,3.1194
5,373,0.2407,3.1194
5,374,0.1961,3.1194
5,375,0.1305,3.1194
5,376,0.1052,3.1194
5,377,0.0453,3.1194
5,378,0.0849,3.1194
5,379,0.0131,3.1194
5,380,0.1626,3.1194
5,381,0.276,3.1194
5,382,0.0569,3.1194
5,383,0.1761,3.1194
5,384,0.1764,3.1194
5,385,0.0419,3.1194
5,386,0.0837,3.1194
5,387,0.0662,3.1194
5,388,0.097,3.1194
5,389,0.3547,3.1194
5,390,0.1851,3.1194
5,391,0.1976,3.1194
5,392,0.1337,3.1194
5,393,0.1163,3.1194
5,394,0.0668,3.1194
5,395,0.2868,3.1194
5,396,0.0341,3.1194
5,397,0.1863,3.1194
5,398,0.029,3.1194
5,399,0.1,3.1194
5,400,0.0383,3.1194
5,401,0.0699,3.1194
5,402,0.0689,3.1194
5,403,0.1343,3.1194
5,404,0.19,3.1194
5,405,0.1293,3.1194
5,406,0.0661,3.1194
5,407,0.1321,3.1194
5,408,0.1671,3.1194
5,409,0.1524,3.1194
5,410,0.09,3.1194
5,411,0.0977,3.1194
5,412,0.0367,3.1194
5,413,0.0646,3.1194
5,414,0.1216,3.1194
5,415,0.2153,3.1194
5,416,0.1264,3.1194
5,417,0.0963,3.1194
5,418,0.1429,3.1194
5,419,0.2834,3.1194
5,420,0.1492,3.1194
5,421,0.1345,3.1194
5,422,0.1679,3.1194
5,423,0.1614,3.1194
5,424,0.3521,3.1194
5,425,0.1364,3.1194
5,426,0.0395,3.1194
5,427,0.2023,3.1194
5,428,0.123,3.1194
5,429,0.4615,3.1194
5,430,0.1313,3.1194
5,431,0.2181,3.1194
5,432,0.0931,3.1194
5,433,0.0985,3.1194
5,434,0.0409,3.1194
5,435,0.1433,3.1194
5,436,0.2155,3.1194
5,437,0.5238,3.1194
5,438,0.1644,3.1194
5,439,0.2761,3.1194
5,440,0.0544,3.1194
5,441,0.1862,3.1194
5,442,0.0607,3.1194
5,443,0.0589,3.1194
5,444,0.2414,3.1194
5,445,1.1021,3.1194
6,0,0.07,3.1194
6,1,0.2236,3.1194
6,2,0.352,3.1194
6,3,0.3196,3.1194
6,4,0.0323,3.1194
6,5,0.037,3.1194
6,6,0.11,3.1194
6,7,0.1804,3.1194
6,8,0.1471,3.1194
6,9,0.1415,3.1194
6,10,0.2269,3.1194
6,11,0.6391,3.1194
6,12,0.1405,3.1194
6,13,0.1045,3.1194
6,14,0.0586,3.1194
6,15,0.1202,3.1194
6,16,0.1974,3.1194
6,17,0.1109,3.1194
6,18,0.143,3.1194
6,19,0.0521,3.1194
6,20,0.2263,3.1194
6,21,0.0448,3.1194
6,22,0.0349,3.1194
6,23,0.0218,3.1194
6,24,0.0549,3.1194
6,25,0.1365,3.1194
6,26,0.1091,3.1194
6,27,0.1162,3.1194
6,28,0.1632,3.1194
6,29,0.1254,3.1194
6,30,0.0982,3.1194
6,31,0.1605,3.1194
6,32,0.225,3.1194
6,33,0.0613,3.1194
6,34,0.1792,3.1194
6,35,0.1583,3.1194
6,36,0.0342,3.1194
6,37,0.0393,3.1194
6,38,0.1298,3.1194
6,39,0.0954,3.1194
6,40,0.0331,3.1194
6,41,0.0304,3.1194
6,42,0.1192,3.1194
6,43,0.1536,3.1194
6,44,0.1552,3.1194
6,45,0.2727,3.1194
6,46,0.0462,3.1194
6,47,0.2288,3.1194
6,48,0.0841,3.1194
6,49,0.0511,3.1194
6,50,0.0476,3.1194
6,51,0.0303,3.1194
6,52,0.1045,3.1194
6,53,0.0553,3.1194
6,54,0.134,3.1194
6,55,0.1334,3.1194
6,56,0.0859,3.1194
6,57,0.0628,3.1194
6,58,0.1733,3.1194
6,59,0.017,3.1194
6,60,0.1281,3.1194
6,61,0.1078,3.1194
6,62,0.0968,3.1194
6,63,0.1263,3.1194
6,64,0.0874,3.1194
6,65,0.1225,3.1194
6,66,0.1472,3.1194
6,67,0.1563,3.1194
6,68,0.267,3.1194
6,69,0.0404,3.1194
6,70,0.2866,3.1194
6,71,0.0395,3.1194
6,72,0.1318,3.1194
6,73,0.1106,3.1194
6,74,0.0196,3.1194
6,75,0.0771,3.1194
6,76,0.136,3.1194
6,77,0.1399,3.1194
6,78,0.0958,3.1194
6,79,0.0466,3.1194
6,80,0.0462,3.1194
6,81,0.1471,3.1194
6,82,0.2018,3.1194
6,83,0.0325,3.1194
6,84,0.3491,3.1194
6,85,0.1255,3.1194
6,86,0.168,3.1194
6,87,0.0904,3.1194
6,88,0.0417,3.1194
6,89,0.2197,3.1194
6,90,0.2375,3.1194
6,91,0.1182,3.1194
6,92,0.0668,3.1194
6,93,0.1935,3.1194
6,94,0.2254,3.1194
6,95,0.071,3.1194
6,96,0.0851,3.1194
6,97,0.2076,3.1194
6,98,0.1149,3.1194
6,99,0.192,3.1194
6,100,0.0584,3.1194
6,101,0.0715,3.1194
6,102,0.1067,3.1193
6,103,0.0886,3.1193
6,104,0.077,3.1194
6,105,0.1286,3.1194
6,106,0.0697,3.1193
6,107,0.1195,3.1194
6,108,0.061,3.1194
6,109,0.1538,3.1193
6,110,0.0469,3.1193
6,111,0.0605,3.1193
6,112,0.0419,3.1193
6,113,0.061,3.1193
6,114,0.2,3.1193
6,115,0.1382,3.1193
6,116,0.1732,3.1194
6,117,0.0339,3.1193
6,118,0.0663,3.1193
6,119,0.0775,3.1193
6,120,0.1194,3.1193
6,121,0.0779,3.1194
6,122,0.0984,3.1193
6,123,0.169,3.1193
6,124,0.2483,3.1193
6,125,0.1235,3.1194
6,126,0.0394,3.1194
6,127,0.0959,3.1194
6,128,0.168,3.1193
6,129,0.0101,3.1194
6,130,0.0822,3.1194
6,131,0.1298,3.1194
6,132,0.0316,3.1194
6,133,0.0423,3.1194
6,134,0.0747,3.1194
6,135,0.1497,3.1194
6,136,0.2186,3.1194
6,137,0.1077,3.1194
6,138,0.0939,3.1194
6,139,0.0497,3.1194
6,140,0.1319,3.1194
6,141,0.034,3.1194
6,142,0.1548,3.1194
6,143,0.1357,3.1194
6,144,0.1376,3.1194
6,145,0.0247,3.1194
6,146,0.0932,3.1194
6,147,0.2014,3.1194
6,148,0.0399,3.1194
6,149,0.1451,3.1194
6,150,0.0508,3.1194
6,151,0.2214,3.1194
6,152,0.2475,3.1194
6,153,0.3888,3.1194
6,154,0.0885,3.1194
6,155,0.112,3.1194
6,156,0.0982,3.1194
6,157,0.2271,3.1194
6,158,0.0279,3.1194
6,159,0.0262,3.1194
6,160,0.0471,3.1194
6,161,0.0858,3.1194
6,162,0.4463,3.1194
6,163,0.1893,3.1194
6,164,0.1023,3.1194
6,165,0.3245,3.1194
6,166,0.2987,3.1194
6,167,0.066,3.1194
6,168,0.1969,3.1194
6,169,0.1879,3.1194
6,170,0.0907,3.1194
6,171,0.0328,3.1194
6,172,0.1241,3.1194
6,173,0.0907,3.1194
6,174,0.0735,3.1194
6,175,0.0682,3.1194
6,176,0.0609,3.1194
6,177,0.095,3.1194
6,178,0.1855,3.1194
6,179,0.1376,3.1194
6,180,0.0743,3.1194
6,181,0.2685,3.1194
6,182,0.0263,3.1194
6,183,0.0426,3.1194
6,184,0.3556,3.1194
6,185,0.082,3.1194
6,186,0.2115,3.1194
6,187,0.0683,3.1194
6,188,0.0583,3.1194
6,189,0.0623,3.1194
6,190,0.237,3.1194
6,191,0.2614,3.1194
6,192,0.1182,3.1194
6,193,0.1005,3.1194
6,194,0.069,3.1194
6,195,0.1066,3.1194
6,196,0.088,3.1194
6,197,0.0413,3.1194
6,198,0.062,3.1194
6,199,0.1234,3.1193
6,200,0.083,3.1194
6,201,0.3494,3.1193
6,202,0.0463,3.1193
6,203,0.0605,3.1194
6,204,0.0543,3.1193
6,205,0.0637,3.1193
6,206,0.0144,3.1193
6,207,0.2902,3.1193
6,208,0.0314,3.1193
6,209,0.0314,3.1193
6,210,0.084,3.1193
6,211,0.1122,3.1193
6,212,0.1646,3.1193
6,213,0.1682,3.1193
6,214,0.1585,3.1193
6,215,0.1125,3.1193
6,216,0.069,3.1193
6,217,0.1417,3.1193
6,218,0.1243,3.1193
6,219,0.0789,3.1193
6,220,0.2236,3.1193
6,221,0.0778,3.1193
6,222,0.1716,3.1193
6,223,0.0459,3.1193
6,224,0.0886,3.1193
6,225,0.2205,3.1193
6,226,0.0548,3.1193
6,227,0.0804,3.1193
6,228,0.0178,3.1193
6,229,0.0464,3.1193
6,230,0.2068,3.1193
6,231,0.1759,3.1193
6,232,0.1802,3.1193
6,233,0.1485,3.1193
6,234,0.0541,3.1193
6,235,0.0539,3.1193
6,236,0.1204,3.1193
6,237,0.0383,3.1193
6,238,0.0459,3.1193
6,239,0.034,3.1193
6,240,0.055,3.1193
6,241,0.025,3.1193
6,242,0.0446,3.1193
6,243,0.0801,3.1193
6,244,0.029,3.1193
6,245,0.0827,3.1193
6,246,0.082,3.1193
6,247,0.0771,3.1193
6,248,0.1077,3.1193
6,249,0.137,3.1193
6,250,0.0729,3.1193
6,251,0.1405,3.1193
6,252,0.0448,3.1193
6,253,0.113,3.1193
6,254,0.0098,3.1193
6,255,0.2314,3.1193
6,256,0.0482,3.1193
6,257,0.0737,3.1193
6,258,0.1787,3.1193
6,259,0.0449,3.1193
6,260,0.1343,3.1193
6,261,0.0774,3.1193
6,262,0.1206,3.1193
6,263,0.0983,3.1194
6,264,0.0852,3.1194
6,265,0.1776,3.1194
6,266,0.0569,3.1194
6,267,0.0638,3.1194
6,268,0.0708,3.1194
6,269,0.3111,3.1194
6,270,0.1644,3.1194
6,271,0.0276,3.1194
6,272,0.061,3.1194
6,273,0.0884,3.1194
6,274,0.3026,3.1194
6,275,0.3341,3.1194
6,276,0.1749,3.1194
6,277,0.0775,3.1194
6,278,0.0352,3.1194
6,279,0.0796,3.1194
6,280,0.0928,3.1194
6,281,0.1195,3.1194
6,282,0.0789,3.1194
6,283,0.0964,3.1194
6,284,0.1047,3.1194
6,285,0.06,3.1194
6,286,0.0688,3.1194
6,287,0.0627,3.1194
6,288,0.155,3.1194
6,289,0.0956,3.1194
6,290,0.0564,3.1194
6,291,0.1284,3.1194
6,292,0.3613,3.1194
6,293,0.2433,3.1194
6,294,0.0423,3.1194
6,295,0.0367,3.1194
6,296,0.0739,3.1194
6,297,0.1633,3.1194
6,298,0.2024,3.1194
6,299,0.1039,3.1193
6,300,0.0792,3.1193
6,301,0.0639,3.1193
6,302,0.0431,3.1193
6,303,0.101,3.1193
6,304,0.1531,3.1193
6,305,0.2632,3.1193
6,306,0.0297,3.1193
6,307,0.2551,3.1193
6,308,0.1459,3.1193
6,309,0.0783,3.1193
6,310,0.0611,3.1193
6,311,0.0318,3.1193
6,312,0.0504,3.1193
6,313,0.1134,3.1193
6,314,0.5928,3.1194
6,315,0.1708,3.1193
6,316,0.0353,3.1193
6,317,0.1545,3.1193
6,318,0.2159,3.1193
6,319,0.1779,3.1193
6,320,0.0124,3.1193
6,321,0.1278,3.1193
6,322,0.1365,3.1193
6,323,0.1707,3.1193
6,324,0.0417,3.1193
6,325,0.1312,3.1193
6,326,0.0357,3.1193
6,327,0.0761,3.1193
6,328,0.1105,3.1193
6,329,0.1952,3.1193
6,330,0.1771,3.1193
6,331,0.2012,3.1193
6,332,0.0317,3.1193
6,333,0.2362,3.1193
6,334,0.0998,3.1193
6,335,0.1054,3.1193
6,336,0.2073,3.1193
6,337,0.037,3.1193
6,338,0.3253,3.1193
6,339,0.1788,3.1193
6,340,0.0524,3.1193
6,341,0.0622,3.1193
6,342,0.0819,3.1193
6,343,0.1011,3.1193
6,344,0.0361,3.1193
6,345,0.0167,3.1193
6,346,0.093,3.1193
6,347,0.1538,3.1193
6,348,0.2703,3.1193
6,349,0.1175,3.1193
6,350,0.3102,3.1193
6,351,0.089,3.1193
6,352,0.1409,3.1193
6,353,0.2353,3.1193
6,354,0.1061,3.1193
6,355,0.1764,3.1193
6,356,0.1952,3.1193
6,357,0.102,3.1193
6,358,0.0537,3.1193
6,359,0.1093,3.1193
6,360,0.2641,3.1193
6,361,0.0353,3.1193
6,362,0.0415,3.1193
6,363,0.0992,3.1193
6,364,0.061,3.1193
6,365,0.0652,3.1193
6,366,0.0606,3.1193
6,367,0.1078,3.1193
6,368,0.1029,3.1193
6,369,0.2247,3.1193
6,370,0.1191,3.1193
6,371,0.0264,3.1193
6,372,0.0379,3.1193
6,373,0.0938,3.1193
6,374,0.0788,3.1193
6,375,0.1589,3.1193
6,376,0.1123,3.1193
6,377,0.0816,3.1193
6,378,0.0716,3.1193
6,379,0.0369,3.1193
6,380,0.1309,3.1193
6,381,0.0727,3.1193
6,382,0.2866,3.1193
6,383,0.036,3.1193
6,384,0.4195,3.1193
6,385,0.0409,3.1193
6,386,0.0242,3.1194
6,387,0.0287,3.1193
6,388,0.0808,3.1193
6,389,0.167,3.1193
6,390,0.1206,3.1193
6,391,0.0947,3.1193
6,392,0.0618,3.1193
6,393,0.0971,3.1193
6,394,0.1426,3.1193
6,395,0.2958,3.1193
6,396,0.0789,3.1193
6,397,0.1691,3.1193
6,398,0.0428,3.1193
6,399,0.0885,3.1193
6,400,0.1746,3.1193
6,401,0.0383,3.1193
6,402,0.2015,3.1193
6,403,0.0667,3.1193
6,404,0.0315,3.1193
6,405,0.0276,3.1193
6,406,0.0671,3.1193
6,407,0.0932,3.1193
6,408,0.0551,3.1193
6,409,0.0936,3.1193
6,410,0.0434,3.1193
6,411,0.0732,3.1193
6,412,0.116,3.1193
6,413,0.1475,3.1193
6,414,0.011,3.1193
6,415,0.1811,3.1193
6,416,0.122,3.1193
6,417,0.1029,3.1193
6,418,0.0961,3.1193
6,419,0.1671,3.1193
6,420,0.044,3.1193
6,421,0.1175,3.1193
6,422,0.2132,3.1193
6,423,0.0163,3.1193
6,424,0.3124,3.1193
6,425,0.0416,3.1193
6,426,0.064,3.1193
6,427,0.027,3.1193
6,428,0.1183,3.1193
6,429,0.0899,3.1193
6,430,0.0853,3.1193
6,431,0.0526,3.1193
6,432,0.053,3.1193
6,433,0.259,3.1193
6,434,0.1093,3.1193
6,435,0.1641,3.1193
6,436,0.0611,3.1193
6,437,0.0373,3.1193
6,438,0.1355,3.1193
6,439,0.0651,3.1193
6,440,0.0958,3.1193
6,441,0.2073,3.1193
6,442,0.1533,3.1193
6,443,0.0589,3.1193
6,444,0.1352,3.1193
6,445,0.2523,3.1193
7,0,0.0221,3.1193
7,1,0.156,3.1193
7,2,0.1565,3.1193
7,3,0.0687,3.1193
7,4,0.0498,3.1193
7,5,0.0606,3.1193
7,6,0.0685,3.1193
7,7,0.0944,3.1193
7,8,0.0617,3.1193
7,9,0.1375,3.1193
7,10,0.0345,3.1193
7,11,0.3248,3.1193
7,12,0.2739,3.1193
7,13,0.0899,3.1193
7,14,0.1095,3.1193
7,15,0.0967,3.1193
7,16,0.0231,3.1193
7,17,0.0482,3.1193
7,18,0.3572,3.1193
7,19,0.0381,3.1193
7,20,0.0232,3.1193
7,21,0.2002,3.1193
7,22,0.2638,3.1193
7,23,0.2945,3.1193
7,24,0.1373,3.1193
7,25,0.0478,3.1193
7,26,0.0639,3.1193
7,27,0.0792,3.1193
7,28,0.1561,3.1193
7,29,0.1434,3.1193
7,30,0.1086,3.1193
7,31,0.059,3.1193
7,32,0.1619,3.1193
7,33,0.08,3.1193
7,34,0.0922,3.1193
7,35,0.0871,3.1193
7,36,0.0488,3.1193
7,37,0.0846,3.1193
7,38,0.0908,3.1193
7,39,0.4148,3.1193
7,40,0.0416,3.1193
7,41,0.0293,3.1193
7,42,0.099,3.1193
7,43,0.1583,3.1193
7,44,0.0221,3.1193
7,45,0.1233,3.1193
7,46,0.0265,3.1193
7,47,0.4236,3.1193
7,48,0.1879,3.1193
7,49,0.1107,3.1193
7,50,0.0253,3.1193
7,51,0.0826,3.1193
7,52,0.0723,3.1193
7,53,0.0292,3.1193
7,54,0.0392,3.1193
7,55,0.158,3.1193
7,56,0.0684,3.1193
7,57,0.0357,3.1193
7,58,0.1091,3.1193
7,59,0.0621,3.1193
7,60,0.2446,3.1193
7,61,0.031,3.1193
7,62,0.1162,3.1193
7,63,0.0974,3.1193
7,64,0.2035,3.1193
7,65,0.0855,3.1193
7,66,0.0386,3.1193
7,67,0.1351,3.1193
7,68,0.0754,3.1193
7,69,0.1601,3.1193
7,70,0.061,3.1193
7,71,0.0918,3.1193
7,72,0.0151,3.1193
7,73,0.0297,3.1193
7,74,0.0354,3.1193
7,75,0.0336,3.1193
7,76,0.0752,3.1193
7,77,0.3185,3.1193
7,78,0.0583,3.1193
7,79,0.0172,3.1193
7,80,0.0463,3.1193
7,81,0.0583,3.1193
7,82,0.1152,3.1193
7,83,0.0885,3.1193
7,84,0.0412,3.1193
7,85,0.0419,3.1193
7,86,0.0667,3.1193
7,87,0.0336,3.1193
7,88,0.0914,3.1193
7,89,0.0836,3.1193
7,90,0.1358,3.1193
7,91,0.0819,3.1193
7,92,0.0591,3.1193
7,93,0.2159,3.1193
7,94,0.2187,3.1193
7,95,0.037,3.1193
7,96,0.0584,3.1193
7,97,0.057,3.1193
7,98,0.016,3.1194
7,99,0.0345,3.1193
7,100,0.0311,3.1193
7,101,0.0414,3.1194
7,102,0.0429,3.1194
7,103,0.1166,3.1194
7,104,0.0298,3.1194
7,105,0.084,3.1193
7,106,0.2032,3.1194
7,107,0.1171,3.1193
7,108,0.1139,3.1193
7,109,0.0272,3.1193
7,110,0.0597,3.1193
7,111,0.2702,3.1193
7,112,0.0521,3.1193
7,113,0.0604,3.1193
7,114,0.0888,3.1193
7,115,0.1381,3.1193
7,116,0.0352,3.1193
7,117,0.0442,3.1193
7,118,0.0133,3.1193
7,119,0.015,3.1193
7,120,0.1203,3.1193
7,121,0.2154,3.1193
7,122,0.3398,3.1193
7,123,0.0404,3.1193
7,124,0.0311,3.1193
7,125,0.0883,3.1193
7,126,0.032,3.1193
7,127,0.0487,3.1193
7,128,0.1092,3.1193
7,129,0.3125,3.1193
7,130,0.0333,3.1193
7,131,0.0999,3.1193
7,132,0.0108,3.1193
7,133,0.0695,3.1193
7,134,0.0343,3.1193
7,135,0.1136,3.1193
7,136,0.2172,3.1193
7,137,0.0415,3.1193
7,138,0.2421,3.1193
7,139,0.0463,3.1193
7,140,0.0788,3.1193
7,141,0.0234,3.1193
7,142,0.0547,3.1193
7,143,0.0622,3.1193
7,144,0.0687,3.1193
7,145,0.055,3.1193
7,146,0.0963,3.1193
7,147,0.0605,3.1193
7,148,0.0145,3.1193
7,149,0.0607,3.1193
7,150,0.1607,3.1193
7,151,0.0874,3.1193
7,152,0.2478,3.1193
7,153,0.0777,3.1193
7,154,0.1096,3.1193
7,155,0.287,3.1193
7,156,0.0333,3.1193
7,157,0.0565,3.1193
7,158,0.0149,3.1193
7,159,0.1742,3.1193
7,160,0.1295,3.1193
7,161,0.1553,3.1193
7,162,0.187,3.1193
7,163,0.0354,3.1193
7,164,0.1392,3.1193
7,165,0.1598,3.1193
7,166,0.0193,3.1193
7,167,0.0059,3.1193
7,168,0.2333,3.1193
7,169,0.3644,3.1193
7,170,0.0564,3.1193
7,171,0.1411,3.1193
7,172,0.079,3.1193
7,173,0.2305,3.1193
7,174,0.1147,3.1193
7,175,0.0855,3.1193
7,176,0.1744,3.1193
7,177,0.4038,3.1193
7,178,0.0591,3.1193
7,179,0.1612,3.1193
7,180,0.0549,3.1193
7,181,0.0834,3.1193
7,182,0.1863,3.1193
7,183,0.062,3.1193
7,184,0.0544,3.1193
7,185,0.2744,3.1193
7,186,0.1871,3.1193
7,187,0.0902,3.1193
7,188,0.0859,3.1193
7,189,0.043,3.1193
7,190,0.2817,3.1193
7,191,0.0775,3.1193
7,192,0.2993,3.1193
7,193,0.214,3.1193
7,194,0.0225,3.1193
7,195,0.082,3.1193
7,196,0.0443,3.1193
7,197,0.0292,3.1193
7,198,0.0914,3.1193
7,199,0.0752,3.1193
7,200,0.0731,3.1193
7,201,0.2363,3.1193
7,202,0.0447,3.1193
7,203,0.0342,3.1193
7,204,0.0847,3.1193
7,205,0.057,3.1193
7,206,0.1189,3.1193
7,207,0.0497,3.1193
7,208,0.0314,3.1193
7,209,0.0466,3.1193
7,210,0.0681,3.1193
7,211,0.0364,3.1193
7,212,0.1895,3.1193
7,213,0.0447,3.1193
7,214,0.0536,3.1193
7,215,0.2964,3.1193
7,216,0.0339,3.1193
7,217,0.1449,3.1193
7,218,0.1823,3.1193
7,219,0.0372,3.1193
7,220,0.043,3.1193
7,221,0.0405,3.1193
7,222,0.0615,3.1193
7,223,0.0253,3.1193
7,224,0.1016,3.1193
7,225,0.083,3.1193
7,226,0.0564,3.1193
7,227,0.0562,3.1193
7,228,0.3234,3.1193
7,229,0.5048,3.1193
7,230,0.0932,3.1193
7,231,0.0773,3.1193
7,232,0.1855,3.1193
7,233,0.1476,3.1193
7,234,0.114,3.1193
7,235,0.1194,3.1193
7,236,0.0759,3.1193
7,237,0.0768,3.1193
7,238,0.0491,3.1193
7,239,0.0794,3.1193
7,240,0.0782,3.1193
7,241,0.1579,3.1193
7,242,0.0483,3.1193
7,243,0.1746,3.1193
7,244,0.1206,3.1193
7,245,0.1632,3.1193
7,246,0.0474,3.1193
7,247,0.1328,3.1193
7,248,0.0183,3.1193
7,249,0.0214,3.1193
7,250,0.0476,3.1193
7,251,0.0479,3.1193
7,252,0.0824,3.1193
7,253,0.0422,3.1193
7,254,0.0416,3.1193
7,255,0.5514,3.1193
7,256,0.1496,3.1193
7,257,0.0341,3.1193
7,258,0.0298,3.1193
7,259,0.1034,3.1193
7,260,0.1845,3.1193
7,261,0.039,3.1193
7,262,0.1235,3.1193
7,263,0.1625,3.1193
7,264,0.0687,3.1193
7,265,0.044,3.1193
7,266,0.0664,3.1193
7,267,0.1004,3.1193
7,268,0.0613,3.1193
7,269,0.1607,3.1193
7,270,0.0535,3.1193
7,271,0.1662,3.1193
7,272,0.0658,3.1193
7,273,0.0541,3.1193
7,274,0.1065,3.1193
7,275,0.1393,3.1193
7,276,0.0937,3.1193
7,277,0.0258,3.1193
7,278,0.1506,3.1193
7,279,0.0778,3.1193
7,280,0.0261,3.1193
7,281,0.2116,3.1193
7,282,0.0503,3.1193
7,283,0.0628,3.1193
7,284,0.0198,3.1193
7,285,0.0436,3.1193
7,286,0.077,3.1193
7,287,0.0377,3.1193
7,288,0.0717,3.1193
7,289,0.3042,3.1193
7,290,0.0305,3.1193
7,291,0.1289,3.1193
7,292,0.1267,3.1193
7,293,0.011,3.1193
7,294,0.4104,3.1193
7,295,0.1756,3.1193
7,296,0.0397,3.1193
7,297,0.0214,3.1193
7,298,0.0281,3.1194
7,299,0.224,3.1194
7,300,0.0419,3.1194
7,301,0.092,3.1194
7,302,0.0652,3.1194
7,303,0.0349,3.1194
7,304,0.0728,3.1194
7,305,0.0812,3.1194
7,306,0.2031,3.1194
7,307,0.0783,3.1194
7,308,0.037,3.1194
7,309,0.0421,3.1194
7,310,0.0187,3.1194
7,311,0.0289,3.1194
7,312,0.022,3.1194
7,313,0.0863,3.1194
7,314,0.1215,3.1194
7,315,0.2957,3.1194
7,316,0.1781,3.1194
7,317,0.0255,3.1194
7,318,0.0353,3.1194
7,319,0.1782,3.1194
7,320,0.1065,3.1194
7,321,0.0479,3.1194
7,322,0.1399,3.1194
7,323,0.0796,3.1193
7,324,0.0987,3.1193
7,325,0.1064,3.1193
7,326,0.0986,3.1193
7,327,0.1282,3.1193
7,328,0.248,3.1193
7,329,0.0768,3.1193
7,330,0.0337,3.1193
7,331,0.0223,3.1193
7,332,0.1544,3.1193
7,333,0.0603,3.1193
7,334,0.1005,3.1193
7,335,0.0471,3.1193
7,336,0.0134,3.1193
7,337,0.0649,3.1193
7,338,0.1071,3.1193
7,339,0.0541,3.1193
7,340,0.1351,3.1193
7,341,0.0764,3.1193
7,342,0.2036,3.1193
7,343,0.0358,3.1193
7,344,0.2088,3.1193
7,345,0.1337,3.1193
7,346,0.0134,3.1193
7,347,0.0459,3.1193
7,348,0.0759,3.1193
7,349,0.1574,3.1193
7,350,0.0461,3.1193
7,351,0.0959,3.1193
7,352,0.0501,3.1193
7,353,0.0606,3.1193
7,354,0.0779,3.1193
7,355,0.085,3.1193
7,356,0.071,3.1193
7,357,0.1579,3.1193
7,358,0.0307,3.1193
7,359,0.1949,3.1193
7,360,0.0428,3.1193
7,361,0.0412,3.1193
7,362,0.0265,3.1193
7,363,0.0337,3.1193
7,364,0.09,3.1193
7,365,0.0298,3.1193
7,366,0.0575,3.1193
7,367,0.0206,3.1193
7,368,0.0262,3.1193
7,369,0.1788,3.1193
7,370,0.1958,3.1193
7,371,0.1335,3.1193
7,372,0.2241,3.1193
7,373,0.0533,3.1193
7,374,0.0326,3.1193
7,375,0.025,3.1193
7,376,0.1892,3.1193
7,377,0.135,3.1193
7,378,0.0477,3.1193
7,379,0.1292,3.1193
7,380,0.0871,3.1193
7,381,0.0699,3.1193
7,382,0.1724,3.1193
7,383,0.0165,3.1193
7,384,0.2161,3.1193
7,385,0.0182,3.1193
7,386,0.0582,3.1193
7,387,0.0754,3.1193
7,388,0.1069,3.1193
7,389,0.0328,3.1193
7,390,0.0876,3.1193
7,391,0.1344,3.1193
7,392,0.0695,3.1193
7,393,0.0171,3.1193
7,394,0.0805,3.1193
7,395,0.0594,3.1193
7,396,0.045,3.1193
7,397,0.0372,3.1193
7,398,0.011,3.1193
7,399,0.0345,3.1193
7,400,0.0572,3.1193
7,401,0.0622,3.1193
7,402,0.0335,3.1193
7,403,0.0281,3.1193
7,404,0.0706,3.1193
7,405,0.0417,3.1193
7,406,0.0481,3.1193
7,407,0.199,3.1193
7,408,0.0304,3.1193
7,409,0.0429,3.1193
7,410,0.1276,3.1193
7,411,0.1026,3.1193
7,412,0.1686,3.1193
7,413,0.0306,3.1193
7,414,0.127,3.1193
7,415,0.1162,3.1193
7,416,0.0396,3.1193
7,417,0.183,3.1193
7,418,0.1715,3.1193
7,419,0.0622,3.1193
7,420,0.0446,3.1193
7,421,0.1177,3.1193
7,422,0.0269,3.1193
7,423,0.0969,3.1193
7,424,0.065,3.1193
7,425,0.0212,3.1193
7,426,0.1403,3.1193
7,427,0.061,3.1193
7,428,0.074,3.1193
7,429,0.0492,3.1193
7,430,0.1091,3.1193
7,431,0.0618,3.1193
7,432,0.125,3.1193
7,433,0.1116,3.1193
7,434,0.1067,3.1193
7,435,0.0592,3.1193
7,436,0.0742,3.1193
7,437,0.159,3.1193
7,438,0.0561,3.1193
7,439,0.2175,3.1193
7,440,0.0744,3.1193
7,441,0.208,3.1193
7,442,0.0347,3.1193
7,443,0.03,3.1193
7,444,0.1588,3.1193
7,445,0.0411,3.1193
8,0,0.0114,3.1193
8,1,0.0512,3.1193
8,2,0.0175,3.1193
8,3,0.0562,3.1193
8,4,0.1095,3.1193
8,5,0.0929,3.1193
8,6,0.1236,3.1193
8,7,0.0468,3.1193
8,8,0.2484,3.1193
8,9,0.0514,3.1193
8,10,0.0958,3.1193
8,11,0.0751,3.1193
8,12,0.0053,3.1193
8,13,0.0672,3.1193
8,14,0.0664,3.1193
8,15,0.0577,3.1193
8,16,0.0951,3.1193
8,17,0.0316,3.1193
8,18,0.0943,3.1193
8,19,0.115,3.1193
8,20,0.04,3.1193
8,21,0.082,3.1193
8,22,0.0185,3.1193
8,23,0.155,3.1193
8,24,0.0274,3.1193
8,25,0.0773,3.1193
8,26,0.0452,3.1193
8,27,0.0531,3.1193
8,28,0.159,3.1193
8,29,0.0272,3.1193
8,30,0.0414,3.1193
8,31,0.0539,3.1193
8,32,0.0668,3.1193
8,33,0.0909,3.1193
8,34,0.2374,3.1193
8,35,0.0587,3.1193
8,36,0.0877,3.1193
8,37,0.0778,3.1193
8,38,0.0783,3.1193
8,39,0.1302,3.1193
8,40,0.0576,3.1193
8,41,0.052,3.1193
8,42,0.0259,3.1193
8,43,0.0456,3.1193
8,44,0.0615,3.1193
8,45,0.0237,3.1193
8,46,0.0906,3.1193
8,47,0.0159,3.1193
8,48,0.1038,3.1193
8,49,0.0246,3.1193
8,50,0.0334,3.1193
8,51,0.0256,3.1193
8,52,0.1738,3.1193
8,53,0.0316,3.1193
8,54,0.0288,3.1193
8,55,0.1096,3.1193
8,56,0.0226,3.1193
8,57,0.116,3.1193
8,58,0.0338,3.1193
8,59,0.0774,3.1193
8,60,0.1498,3.1193
8,61,0.0319,3.1193
8,62,0.0175,3.1193
8,63,0.0234,3.1193
8,64,0.0289,3.1193
8,65,0.0594,3.1193
8,66,0.0326,3.1193
8,67,0.0432,3.1193
8,68,0.02,3.1193
8,69,0.0984,3.1193
8,70,0.1091,3.1193
8,71,0.0643,3.1193
8,72,0.0297,3.1193
8,73,0.0981,3.1193
8,74,0.0164,3.1193
8,75,0.1092,3.1193
8,76,0.2009,3.1193
8,77,0.0432,3.1193
8,78,0.083,3.1193
8,79,0.0291,3.1193
8,80,0.0653,3.1193
8,81,0.1233,3.1193
8,82,0.011,3.1193
8,83,0.0457,3.1193
8,84,0.0452,3.1193
8,85,0.1574,3.1193
8,86,0.0232,3.1193
8,87,0.0384,3.1193
8,88,0.0312,3.1193
8,89,0.0263,3.1193
8,90,0.0325,3.1193
8,91,0.013,3.1193
8,92,0.1838,3.1193
8,93,0.2625,3.1193
8,94,0.0339,3.1193
8,95,0.0449,3.1193
8,96,0.1875,3.1193
8,97,0.1102,3.1193
8,98,0.02,3.1193
8,99,0.1276,3.1193
8,100,0.096,3.1193
8,101,0.0695,3.1193
8,102,0.0614,3.1193
8,103,0.1863,3.1193
8,104,0.051,3.1193
8,105,0.0342,3.1193
8,106,0.0275,3.1193
8,107,0.1541,3.1193
8,108,0.1764,3.1193
8,109,0.018,3.1193
8,110,0.0482,3.1193
8,111,0.0498,3.1193
8,112,0.0185,3.1193
8,113,0.0493,3.1193
8,114,0.2054,3.1193
8,115,0.0835,3.1193
8,116,0.0662,3.1193
8,117,0.0192,3.1193
8,118,0.018,3.1193
8,119,0.0598,3.1193
8,120,0.038,3.1193
8,121,0.0428,3.1193
8,122,0.037,3.1193
8,123,0.408,3.1193
8,124,0.0489,3.1193
8,125,0.0248,3.1193
8,126,0.0456,3.1193
8,127,0.0443,3.1193
8,128,0.057,3.1193
8,129,0.023,3.1193
8,130,0.0527,3.1193
8,131,0.0534,3.1193
8,132,0.1897,3.1193
8,133,0.0281,3.1193
8,134,0.0531,3.1193
8,135,0.1795,3.1193
8,136,0.0225,3.1193
8,137,0.3217,3.1193
8,138,0.0244,3.1193
8,139,0.0508,3.1193
8,140,0.1308,3.1193
8,141,0.3063,3.1193
8,142,0.03,3.1193
8,143,0.0632,3.1193
8,144,0.0159,3.1192
8,145,0.1038,3.1192
8,146,0.0932,3.1192
8,147,0.2694,3.1192
8,148,0.1272,3.1192
8,149,0.0275,3.1192
8,150,0.0501,3.1192
8,151,0.1885,3.1192
8,152,0.06,3.1192
8,153,0.0993,3.1192
8,154,0.0108,3.1192
8,155,0.0338,3.1192
8,156,0.0841,3.1192
8,157,0.0254,3.1192
8,158,0.1542,3.1192
8,159,0.0906,3.1192
8,160,0.1959,3.1192
8,161,0.0289,3.1192
8,162,0.0932,3.1192
8,163,0.118,3.1192
8,164,0.0127,3.1192
8,165,0.0459,3.1192
8,166,0.1115,3.1192
8,167,0.1321,3.1192
8,168,0.0914,3.1192
8,169,0.0914,3.1192
8,170,0.0978,3.1193
8,171,0.0095,3.1193
8,172,0.0638,3.1193
8,173,0.0131,3.1193
8,174,0.1106,3.1193
8,175,0.0925,3.1193
8,176,0.0251,3.1193
8,177,0.3046,3.1193
8,178,0.0923,3.1193
8,179,0.106,3.1193
8,180,0.0829,3.1193
8,181,0.0645,3.1193
8,182,0.0556,3.1193
8,183,0.0289,3.1193
8,184,0.0491,3.1193
8,185,0.0215,3.1193
8,186,0.029,3.1193
8,187,0.0388,3.1193
8,188,0.0696,3.1193
8,189,0.1268,3.1193
8,190,0.2116,3.1193
8,191,0.0461,3.1193
8,192,0.0545,3.1193
8,193,0.0349,3.1193
8,194,0.0387,3.1193
8,195,0.0301,3.1193
8,196,0.0556,3.1193
8,197,0.0577,3.1193
8,198,0.0365,3.1193
8,199,0.021,3.1193
8,200,0.0679,3.1193
8,201,0.0357,3.1193
8,202,0.0884,3.1193
8,203,0.023,3.1193
8,204,0.1729,3.1193
8,205,0.0188,3.1193
8,206,0.0367,3.1193
8,207,0.217,3.1193
8,208,0.0728,3.1193
8,209,0.0058,3.1193
8,210,0.037,3.1193
8,211,0.0074,3.1193
8,212,0.1204,3.1193
8,213,0.1115,3.1193
8,214,0.0601,3.1193
8,215,0.121,3.1193
8,216,0.1223,3.1193
8,217,0.0383,3.1193
8,218,0.0207,3.1193
8,219,0.0189,3.1193
8,220,0.092,3.1193
8,221,0.1103,3.1193
8,222,0.0958,3.1193
8,223,0.0277,3.1193
8,224,0.0252,3.1193
8,225,0.0413,3.1193
8,226,0.1186,3.1193
8,227,0.0441,3.1193
8,228,0.1429,3.1193
8,229,0.0261,3.1193
8,230,0.0958,3.1193
8,231,0.0056,3.1193
8,232,0.1771,3.1193
8,233,0.107,3.1193
8,234,0.0399,3.1193
8,235,0.1224,3.1193
8,236,0.0312,3.1193
8,237,0.0495,3.1193
8,238,0.0601,3.1193
8,239,0.0214,3.1193
8,240,0.2309,3.1193
8,241,0.1172,3.1193
8,242,0.0632,3.1193
8,243,0.1457,3.1193
8,244,0.0583,3.1193
8,245,0.1028,3.1193
8,246,0.0445,3.1193
8,247,0.011,3.1193
8,248,0.0311,3.1193
8,249,0.0178,3.1193
8,250,0.012,3.1193
8,251,0.1056,3.1193
8,252,0.1295,3.1193
8,253,0.025,3.1193
8,254,0.107,3.1193
8,255,0.1313,3.1193
8,256,0.0775,3.1193
8,257,0.1609,3.1193
8,258,0.0406,3.1193
8,259,0.0147,3.1193
8,260,0.0398,3.1193
8,261,0.0825,3.1193
8,262,0.0693,3.1193
8,263,0.0165,3.1193
8,264,0.0946,3.1193
8,265,0.0777,3.1193
8,266,0.0272,3.1193
8,267,0.0953,3.1193
8,268,0.0225,3.1193
8,269,0.0139,3.1193
8,270,0.1012,3.1193
8,271,0.3496,3.1193
8,272,0.0845,3.1193
8,273,0.0768,3.1193
8,274,0.1252,3.1193
8,275,0.0378,3.1193
8,276,0.153,3.1193
8,277,0.0794,3.1193
8,278,0.1033,3.1193
8,279,0.0253,3.1193
8,280,0.0621,3.1193
8,281,0.1303,3.1193
8,282,0.1153,3.1193
8,283,0.2413,3.1193
8,284,0.0617,3.1193
8,285,0.0701,3.1193
8,286,0.0283,3.1193
8,287,0.0275,3.1193
8,288,0.1416,3.1193
8,289,0.0228,3.1193
8,290,0.0482,3.1193
8,291,0.0327,3.1193
8,292,0.0321,3.1193
8,293,0.1434,3.1193
8,294,0.0238,3.1193
8,295,0.0393,3.1193
8,296,0.128,3.1193
8,297,0.2149,3.1193
8,298,0.0477,3.1192
8,299,0.025,3.1193
8,300,0.157,3.1193
8,301,0.0273,3.1193
8,302,0.0176,3.1193
8,303,0.0269,3.1193
8,304,0.0179,3.1193
8,305,0.0266,3.1193
8,306,0.0334,3.1193
8,307,0.109,3.1193
8,308,0.0235,3.1193
8,309,0.0225,3.1193
8,310,0.0221,3.1193
8,311,0.0347,3.1193
8,312,0.013,3.1193
8,313,0.0404,3.1193
8,314,0.0316,3.1193
8,315,0.0287,3.1193
8,316,0.0263,3.1193
8,317,0.0745,3.1193
8,318,0.0275,3.1193
8,319,0.0378,3.1193
8,320,0.1322,3.1193
8,321,0.0168,3.1193
8,322,0.0152,3.1193
8,323,0.1122,3.1193
8,324,0.2794,3.1193
8,325,0.0153,3.1193
8,326,0.0435,3.1193
8,327,0.139,3.1193
8,328,0.0348,3.1193
8,329,0.0353,3.1193
8,330,0.0159,3.1193
8,331,0.0296,3.1193
8,332,0.0774,3.1193
8,333,0.043,3.1193
8,334,0.039,3.1193
8,335,0.0458,3.1193
8,336,0.153,3.1193
8,337,0.0351,3.1193
8,338,0.152,3.1193
8,339,0.074,3.1193
8,340,0.3402,3.1193
8,341,0.0261,3.1193
8,342,0.075,3.1193
8,343,0.0383,3.1193
8,344,0.0762,3.1193
8,345,0.1171,3.1193
8,346,0.0747,3.1193
8,347,0.0385,3.1193
8,348,0.0201,3.1193
8,349,0.0497,3.1193
8,350,0.0169,3.1193
8,351,0.0674,3.1193
8,352,0.0217,3.1193
8,353,0.095,3.1193
8,354,0.1026,3.1193
8,355,0.0389,3.1193
8,356,0.0321,3.1193
8,357,0.03,3.1193
8,358,0.0848,3.1193
8,359,0.0776,3.1193
8,360,0.0438,3.1193
8,361,0.0109,3.1193
8,362,0.0688,3.1193
8,363,0.0873,3.1193
8,364,0.1605,3.1193
8,365,0.0173,3.1193
8,366,0.0357,3.1193
8,367,0.0706,3.1193
8,368,0.0235,3.1193
8,369,0.0759,3.1193
8,370,0.0478,3.1193
8,371,0.0408,3.1193
8,372,0.1004,3.1193
8,373,0.0282,3.1193
8,374,0.0418,3.1193
8,375,0.0412,3.1193
8,376,0.0404,3.1193
8,377,0.0927,3.1193
8,378,0.0686,3.1193
8,379,0.2295,3.1193
8,380,0.4742,3.1193
8,381,0.0384,3.1193
8,382,0.0479,3.1193
8,383,0.0385,3.1193
8,384,0.0193,3.1193
8,385,0.0114,3.1193
8,386,0.0233,3.1193
8,387,0.0168,3.1193
8,388,0.111,3.1193
8,389,0.3445,3.1193
8,390,0.1919,3.1193
8,391,0.0437,3.1193
8,392,0.0412,3.1193
8,393,0.1196,3.1193
8,394,0.0639,3.1193
8,395,0.0248,3.1193
8,396,0.12,3.1193
8,397,0.0131,3.1193
8,398,0.0862,3.1193
8,399,0.1317,3.1193
8,400,0.0451,3.1193
8,401,0.0266,3.1193
8,402,0.0172,3.1193
8,403,0.0718,3.1193
8,404,0.0294,3.1193
8,405,0.0405,3.1193
8,406,0.0377,3.1193
8,407,0.0232,3.1193
8,408,0.1656,3.1193
8,409,0.0537,3.1193
8,410,0.0252,3.1193
8,411,0.0136,3.1193
8,412,0.041,3.1193
8,413,0.1078,3.1193
8,414,0.021,3.1193
8,415,0.1367,3.1193
8,416,0.0165,3.1193
8,417,0.2348,3.1193
8,418,0.3819,3.1193
8,419,0.1246,3.1193
8,420,0.0763,3.1193
8,421,0.0483,3.1193
8,422,0.2162,3.1193
8,423,0.0435,3.1193
8,424,0.026,3.1193
8,425,0.0203,3.1193
8,426,0.048,3.1193
8,427,0.1617,3.1193
8,428,0.0508,3.1193
8,429,0.0985,3.1193
8,430,0.0458,3.1193
8,431,0.0275,3.1193
8,432,0.0223,3.1193
8,433,0.1168,3.1193
8,434,0.0426,3.1193
8,435,0.0694,3.1193
8,436,0.1607,3.1193
8,437,0.1989,3.1193
8,438,0.5473,3.1193
8,439,0.1653,3.1193
8,440,0.2846,3.1193
8,441,0.1742,3.1193
8,442,0.0194,3.1193
8,443,0.0815,3.1193
8,444,0.1306,3.1193
8,445,0.3743,3.1193
9,0,0.5943,3.1193
9,1,0.0678,3.1193
9,2,0.17,3.1193
9,3,0.0566,3.1193
9,4,0.0892,3.1193
9,5,0.0538,3.1193
9,6,0.0233,3.1193
9,7,0.0579,3.1193
9,8,0.0345,3.1193
9,9,0.105,3.1193
9,10,0.1521,3.1193
9,11,0.2014,3.1193
9,12,0.0299,3.1193
9,13,0.2371,3.1193
9,14,0.2123,3.1193
9,15,0.1157,3.1193
9,16,0.3071,3.1193
9,17,0.0292,3.1193
9,18,0.0265,3.1193
9,19,0.1841,3.1193
9,20,0.1481,3.1193
9,21,0.0174,3.1193
9,22,0.1756,3.1193
9,23,0.1711,3.1193
9,24,0.0651,3.1193
9,25,0.0901,3.1193
9,26,0.0628,3.1193
9,27,0.0201,3.1193
9,28,0.1389,3.1193
9,29,0.3144,3.1193
9,30,0.0575,3.1193
9,31,0.0364,3.1193
9,32,0.0989,3.1193
9,33,0.0609,3.1193
9,34,0.0374,3.1193
9,35,0.2511,3.1193
9,36,0.1696,3.1193
9,37,0.1596,3.1193
9,38,0.0376,3.1193
9,39,0.0174,3.1193
9,40,0.0714,3.1193
9,41,0.0356,3.1193
9,42,0.0392,3.1193
9,43,0.0135,3.1193
9,44,0.1171,3.1193
9,45,0.0428,3.1193
9,46,0.1098,3.1193
9,47,0.1152,3.1193
9,48,0.021,3.1193
9,49,0.0591,3.1193
9,50,0.0834,3.1193
9,51,0.076,3.1193
9,52,0.0925,3.1193
9,53,0.0096,3.1193
9,54,0.1405,3.1193
9,55,0.1311,3.1193
9,56,0.0422,3.1193
9,57,0.0125,3.1193
9,58,0.4344,3.1193
9,59,0.0304,3.1193
9,60,0.0278,3.1193
9,61,0.0639,3.1193
9,62,0.2916,3.1193
9,63,0.3017,3.1193
9,64,0.1183,3.1193
9,65,0.0318,3.1193
9,66,0.02,3.1193
9,67,0.0312,3.1193
9,68,0.0329,3.1193
9,69,0.088,3.1193
9,70,0.0786,3.1193
9,71,0.0805,3.1193
9,72,0.0053,3.1193
9,73,0.0094,3.1193
9,74,0.113,3.1193
9,75,0.1646,3.1193
9,76,0.0775,3.1193
9,77,0.0308,3.1193
9,78,0.0282,3.1193
9,79,0.0801,3.1193
9,80,0.0609,3.1193
9,81,0.194,3.1193
9,82,0.3121,3.1193
9,83,0.0441,3.1193
9,84,0.01,3.1193
9,85,0.0985,3.1193
9,86,0.0876,3.1193
9,87,0.0469,3.1193
9,88,0.0407,3.1193
9,89,0.0705,3.1193
9,90,0.0367,3.1193
9,91,0.1721,3.1193
9,92,0.0192,3.1193
9,93,0.0342,3.1193
9,94,0.0341,3.1193
9,95,0.0671,3.1193
9,96,0.0112,3.1193
9,97,0.1102,3.1193
9,98,0.0168,3.1193
9,99,0.0149,3.1193
9,100,0.0816,3.1193
9,101,0.0439,3.1193
9,102,0.0503,3.1193
9,103,0.0534,3.1193
9,104,0.0281,3.1193
9,105,0.0974,3.1193
9,106,0.1629,3.1193
9,107,0.0945,3.1193
9,108,0.0206,3.1193
9,109,0.0411,3.1193
9,110,0.0101,3.1193
9,111,0.0716,3.1193
9,112,0.0396,3.1193
9,113,0.0324,3.1193
9,114,0.1129,3.1193
9,115,0.0315,3.1193
9,116,0.0354,3.1193
9,117,0.0125,3.1193
9,118,0.0381,3.1193
9,119,0.1452,3.1193
9,120,0.0738,3.1193
9,121,0.0194,3.1193
9,122,0.0117,3.1193
9,123,0.0123,3.1193
9,124,0.0269,3.1193
9,125,0.1293,3.1193
9,126,0.0632,3.1193
9,127,0.0926,3.1193
9,128,0.1463,3.1193
9,129,0.051,3.1193
9,130,0.0363,3.1193
9,131,0.1175,3.1193
9,132,0.0304,3.1193
9,133,0.0461,3.1193
9,134,0.1701,3.1193
9,135,0.0246,3.1193
9,136,0.1527,3.1193
9,137,0.158,3.1193
9,138,0.0294,3.1193
9,139,0.0157,3.1193
9,140,0.0088,3.1193
9,141,0.2188,3.1193
9,142,0.0213,3.1193
9,143,0.0299,3.1193
9,144,0.0391,3.1193
9,145,0.0711,3.1193
9,146,0.0337,3.1193
9,147,0.1957,3.1193
9,148,0.0652,3.1193
9,149,0.0503,3.1193
9,150,0.0074,3.1193
9,151,0.0946,3.1193
9,152,0.0286,3.1193
9,153,0.2606,3.1193
9,154,0.0335,3.1193
9,155,0.0655,3.1193
9,156,0.1495,3.1193
9,157,0.0075,3.1193
9,158,0.0204,3.1193
9,159,0.0369,3.1193
9,160,0.0251,3.1193
9,161,0.0297,3.1193
9,162,0.095,3.1193
9,163,0.1196,3.1193
9,164,0.0141,3.1193
9,165,0.0253,3.1193
9,166,0.0085,3.1193
9,167,0.0403,3.1193
9,168,0.154,3.1193
9,169,0.0268,3.1193
9,170,0.0535,3.1193
9,171,0.0451,3.1193
9,172,0.0537,3.1193
9,173,0.0067,3.1193
9,174,0.1423,3.1193
9,175,0.0206,3.1193
9,176,0.0163,3.1193
9,177,0.0603,3.1193
9,178,0.0221,3.1193
9,179,0.0456,3.1193
9,180,0.0215,3.1193
9,181,0.1004,3.1193
9,182,0.0579,3.1193
9,183,0.0689,3.1193
9,184,0.0149,3.1193
9,185,0.0439,3.1193
9,186,0.1322,3.1193
9,187,0.0246,3.1193
9,188,0.0234,3.1193
9,189,0.0063,3.1193
9,190,0.0205,3.1193
9,191,0.0095,3.1193
9,192,0.0083,3.1193
9,193,0.0548,3.1193
9,194,0.0198,3.1193
9,195,0.2151,3.1193
9,196,0.0283,3.1193
9,197,0.0065,3.1193
9,198,0.0355,3.1193
9,199,0.0433,3.1193
9,200,0.0701,3.1193
9,201,0.009,3.1193
9,202,0.1637,3.1193
9,203,0.0283,3.1193
9,204,0.035,3.1193
9,205,0.0832,3.1193
9,206,0.0183,3.1193
9,207,0.0427,3.1193
9,208,0.109,3.1193
9,209,0.1794,3.1193
9,210,0.0248,3.1193
9,211,0.1141,3.1193
9,212,0.0251,3.1193
9,213,0.0294,3.1193
9,214,0.1426,3.1193
9,215,0.0252,3.1193
9,216,0.0344,3.1193
9,217,0.076,3.1192
9,218,0.0223,3.1192
9,219,0.0866,3.1192
9,220,0.0962,3.1192
9,221,0.0707,3.1192
9,222,0.0858,3.1192
9,223,0.0281,3.1192
9,224,0.014,3.1192
9,225,0.0173,3.1192
9,226,0.0103,3.1192
9,227,0.0601,3.1192
9,228,0.0767,3.1192
9,229,0.032,3.1192
9,230,0.0882,3.1192
9,231,0.0583,3.1192
9,232,0.0762,3.1192
9,233,0.1781,3.1192
9,234,0.0331,3.1192
9,235,0.1128,3.1192
9,236,0.0722,3.1192
9,237,0.0259,3.1192
9,238,0.0267,3.1192
9,239,0.0122,3.1192
9,240,0.0291,3.1192
9,241,0.0411,3.1192
9,242,0.1181,3.1192
9,243,0.1035,3.1192
9,244,0.0434,3.1192
9,245,0.0266,3.1192
9,246,0.0352,3.1192
9,247,0.0728,3.1192
9,248,0.0093,3.1192
9,249,0.1107,3.1192
9,250,0.0268,3.1192
9,251,0.0237,3.1193
9,252,0.1,3.1193
9,253,0.0393,3.1193
9,254,0.0557,3.1193
9,255,0.0273,3.1193
9,256,0.0961,3.1193
9,257,0.0588,3.1193
9,258,0.074,3.1193
9,259,0.0114,3.1193
9,260,0.0216,3.1193
9,261,0.0282,3.1193
9,262,0.123,3.1193
9,263,0.0382,3.1193
9,264,0.0197,3.1193
9,265,0.0264,3.1193
9,266,0.1475,3.1193
9,267,0.0169,3.1193
9,268,0.1208,3.1193
9,269,0.0118,3.1193
9,270,0.0153,3.1193
9,271,0.2331,3.1193
9,272,0.0784,3.1192
9,273,0.0354,3.1192
9,274,0.0259,3.1192
9,275,0.0423,3.1192
9,276,0.0169,3.1192
9,277,0.0321,3.1192
9,278,0.0461,3.1192
9,279,0.1083,3.1192
9,280,0.0647,3.1192
9,281,0.1905,3.1192
9,282,0.121,3.1192
9,283,0.0506,3.1192
9,284,0.0516,3.1192
9,285,0.0527,3.1192
9,286,0.0633,3.1192
9,287,0.0491,3.1192
9,288,0.0146,3.1192
9,289,0.1629,3.1192
9,290,0.0213,3.1192
9,291,0.0483,3.1192
9,292,0.039,3.1192
9,293,0.0402,3.1192
9,294,0.0828,3.1192
9,295,0.0071,3.1192
9,296,0.0506,3.1192
9,297,0.0754,3.1192
9,298,0.0354,3.1192
9,299,0.0129,3.1192
9,300,0.0614,3.1192
9,301,0.0282,3.1192
9,302,0.0404,3.1192
9,303,0.0252,3.1192
9,304,0.015,3.1192
9,305,0.0046,3.1192
9,306,0.0499,3.1192
9,307,0.0363,3.1192
9,308,0.0485,3.1192
9,309,0.0563,3.1192
9,310,0.0757,3.1192
9,311,0.1351,3.1192
9,312,0.0351,3.1192
9,313,0.1242,3.1192
9,314,0.1057,3.1192
9,315,0.1632,3.1192
9,316,0.0169,3.1192
9,317,0.0749,3.1192
9,318,0.2848,3.1192
9,319,0.0214,3.1192
9,320,0.0222,3.1192
9,321,0.041,3.1192
9,322,0.036,3.1192
9,323,0.0482,3.1192
9,324,0.0705,3.1192
9,325,0.1735,3.1192
9,326,0.0179,3.1192
9,327,0.0761,3.1192
9,328,0.0289,3.1192
9,329,0.0907,3.1192
9,330,0.1376,3.1192
9,331,0.017,3.1192
9,332,0.0073,3.1192
9,333,0.0219,3.1192
9,334,0.1768,3.1192
9,335,0.0626,3.1192
9,336,0.1369,3.1192
9,337,0.3451,3.1192
9,338,0.0662,3.1192
9,339,0.1027,3.1192
9,340,0.0277,3.1192
9,341,0.0161,3.1192
9,342,0.0334,3.1192
9,343,0.0236,3.1192
9,344,0.0286,3.1192
9,345,0.0452,3.1192
9,346,0.0445,3.1192
9,347,0.1233,3.1192
9,348,0.0216,3.1192
9,349,0.0399,3.1192
9,350,0.048,3.1192
9,351,0.1221,3.1192
9,352,0.0707,3.1192
9,353,0.0206,3.1192
9,354,0.0751,3.1192
9,355,0.0318,3.1192
9,356,0.0259,3.1192
9,357,0.0163,3.1192
9,358,0.0772,3.1192
9,359,0.2239,3.1192
9,360,0.0371,3.1192
9,361,0.2182,3.1192
9,362,0.0135,3.1192
9,363,0.1511,3.1192
9,364,0.0553,3.1192
9,365,0.0169,3.1192
9,366,0.0389,3.1192
9,367,0.0227,3.1192
9,368,0.0498,3.1192
9,369,0.0444,3.1192
9,370,0.0296,3.1192
9,371,0.0705,3.1192
9,372,0.0712,3.1192
9,373,0.0568,3.1192
9,374,0.046,3.1192
9,375,0.0215,3.1192
9,376,0.0175,3.1192
9,377,0.0287,3.1193
9,378,0.0479,3.1193
9,379,0.0545,3.1192
9,380,0.0801,3.1193
9,381,0.0111,3.1193
9,382,0.061,3.1193
9,383,0.1139,3.1193
9,384,0.1133,3.1193
9,385,0.0962,3.1193
9,386,0.005,3.1193
9,387,0.0273,3.1193
9,388,0.0332,3.1193
9,389,0.0185,3.1193
9,390,0.0199,3.1192
9,391,0.0907,3.1192
9,392,0.0412,3.1192
9,393,0.0286,3.1192
9,394,0.0173,3.1192
9,395,0.0097,3.1192
9,396,0.0288,3.1192
9,397,0.0202,3.1192
9,398,0.025,3.1192
9,399,0.0552,3.1192
9,400,0.0128,3.1192
9,401,0.3044,3.1192
9,402,0.0809,3.1192
9,403,0.0285,3.1192
9,404,0.0473,3.1192
9,405,0.1726,3.1192
9,406,0.0123,3.1192
9,407,0.0467,3.1192
9,408,0.0191,3.1192
9,409,0.0339,3.1192
9,410,0.1586,3.1192
9,411,0.0098,3.1192
9,412,0.0439,3.1192
9,413,0.0353,3.1192
9,414,0.0785,3.1192
9,415,0.0166,3.1192
9,416,0.0144,3.1192
9,417,0.0254,3.1192
9,418,0.0263,3.1192
9,419,0.0105,3.1192
9,420,0.0593,3.1192
9,421,0.0224,3.1192
9,422,0.035,3.1192
9,423,0.0635,3.1192
9,424,0.0428,3.1192
9,425,0.0344,3.1192
9,426,0.0874,3.1192
9,427,0.0155,3.1192
9,428,0.0818,3.1192
9,429,0.0209,3.1192
9,430,0.1856,3.1192
9,431,0.0161,3.1192
9,432,0.0983,3.1192
9,433,0.0311,3.1192
9,434,0.311,3.1192
9,435,0.0235,3.1192
9,436,0.0606,3.1192
9,437,0.0529,3.1192
9,438,0.2549,3.1192
9,439,0.01,3.1192
9,440,0.0064,3.1192
9,441,0.0426,3.1192
9,442,0.0843,3.1192
9,443,0.1628,3.1192
9,444,0.0512,3.1192
9,445,0.9247,3.1192
